AID,H4ED2
57101310,3
57103869,2
57109625,2
57111071,6
57113943,6
57117542,1
57118381,6
57118943,12
57120005,7
57120046,6
57120371,3
57121404,9
57121476,3
57127241,6
57129567,4
57131432,6
57131909,5
57133772,5
57134457,6
57134967,2
57134970,2
57135078,1
57136630,6
57138056,6
57139880,7
57141051,7
57141800,5
57144659,3
57145151,7
57145731,3
57146734,13
57153160,3
57154249,6
57154779,2
57157723,6
57159779,6
57159952,11
57160648,4
57163116,2
57163657,7
57165081,3
57165288,3
57166019,2
57166463,6
57167951,6
57177419,6
57177942,4
57178110,6
57178982,3
57179591,6
57185559,6
57186150,7
57186582,6
57188247,6
57191909,3
57191910,3
57192841,10
57193349,3
57196641,7
57197327,2
57198440,6
57199896,6
57200870,6
57203993,3
57210612,3
57211375,10
57212347,2
57212679,7
57212861,3
57213037,6
57213527,6
57214806,6
57214893,7
57217465,5
57217613,2
57218874,7
57220133,2
57220692,3
57220955,9
57228523,6
57230663,6
57230940,7
57231300,7
57231320,6
57231603,9
57232895,9
57233403,3
57234514,2
57235039,6
57239363,6
57239974,6
57241075,6
57241170,3
57242812,3
57242885,6
57245293,2
57245315,6
57245379,7
57248884,6
57249576,6
57251197,5
57256290,4
57258682,3
57258751,6
57262270,6
57263513,2
57265490,6
57268298,2
57272130,3
57272274,2
57275298,3
57275660,6
57277289,6
57277290,9
57279640,6
88122937,7
88149345,6
88183732,2
88191219,2
88191364,6
88202138,4
88239382,3
88249047,6
88251811,3
88268811,6
90316053,5
90316656,8
90500059,9
90500459,3
90500516,3
90500638,3
90500914,6
90500974,6
90501955,7
90503807,7
90504005,6
90504104,7
90504142,6
90504220,3
90504248,6
90504280,6
90504500,9
90504504,7
90504603,6
90504786,6
90506040,8
90506094,4
90506203,6
90506236,9
90506268,6
90506372,9
90506397,6
90506428,6
90506472,4
90506725,6
90506828,5
90506849,3
90506987,6
90507350,6
90507957,3
90508033,9
90508165,6
90508325,5
90508577,8
90508969,6
90540850,3
90543102,5
90543104,6
90544989,7
90546223,6
90548078,6
90570023,5
90570051,6
90570180,6
90570184,6
90570190,6
90570220,6
90570222,6
90570280,5
90570282,8
90570373,6
90570388,3
90570412,6
90570531,6
90570582,8
90570626,3
90570628,1
90570655,6
90570697,7
90570725,5
90570778,6
90570820,2
90570892,6
90570992,7
90571004,3
90571069,3
90571074,2
90571103,4
90571107,6
90571208,6
90571210,6
90571214,4
90571217,6
90571276,2
90571315,7
90571401,6
90571402,3
90571418,7
90571461,6
90571462,3
90571472,5
90571805,6
90571816,9
90571861,7
90571907,7
90571913,6
90571914,2
90571971,5
90571979,3
90572007,9
90572049,3
90572070,4
90572147,1
90572169,7
90572172,9
90572177,7
90572192,3
90572198,7
90572209,3
90572213,6
90572221,6
90572228,6
90572265,7
90572268,5
90572269,5
90572280,2
90572282,5
90572283,7
90572285,5
90572293,4
90572303,7
90572323,6
90572341,6
90572384,7
90572393,7
90572397,8
90572448,2
90572469,7
90572667,7
90572862,2
90572864,6
90572900,11
90572909,7
90572920,6
90572925,2
90572940,5
90572974,7
90572983,5
90572984,3
90572991,3
90572998,7
90573011,3
90573013,3
90573117,6
90573194,6
90573212,6
90573217,6
90573409,4
90573491,3
90573618,6
90573818,1
90573819,2
90573940,3
90573941,3
90573945,3
90573946,6
90573954,7
90573956,8
90573959,7
90573992,7
90573994,3
90574133,3
90574145,6
90574197,3
90574204,7
90574205,9
90574307,9
90574335,6
90574392,3
90574415,2
90574489,6
90574494,3
90574499,4
90574503,6
90574538,2
90574742,7
90574744,2
90574805,9
90574817,6
90574835,2
90574884,4
90574890,6
90574918,5
90574935,6
90574992,5
90575005,5
90575111,7
90575118,6
90575126,5
90575131,7
90575158,6
90575167,6
90575205,6
90575207,6
90575210,7
90575229,6
90575231,3
90575243,6
90575250,2
90575257,7
90575263,7
90575266,7
90575288,3
90575333,7
90575354,10
90575378,8
90575465,6
90575521,4
90575623,6
90575834,8
90575836,7
90575871,7
90575873,9
90575919,7
90575931,8
90575942,7
90575943,13
90575944,7
90575946,6
90575948,7
90575950,11
90575975,11
90575978,9
90575982,3
90575991,4
90576057,7
90576104,3
90576117,3
90576119,6
90576142,6
90576148,7
90576245,6
90576248,7
90576285,9
90576336,7
90576412,6
90576445,6
90576481,6
90576485,6
90576522,7
90576531,9
90576687,6
90576754,6
90576758,2
90576759,3
90576811,7
90576837,7
90576844,7
90576919,6
90576925,6
90576928,6
90576941,7
90576942,3
90576948,5
90576964,8
90577063,4
90577065,2
90577114,6
90577119,3
90577161,7
90577167,7
90577224,7
90577227,13
90577229,10
90577255,6
90577256,5
90577259,6
90577260,2
90577267,3
90577322,7
90577326,13
90577411,6
90577516,6
90577712,3
90577782,7
90577817,11
90577852,7
90577920,7
90577928,6
90577929,12
90577964,7
90578004,6
90578006,9
90578025,9
90578044,6
90578076,3
90578105,3
90578112,7
90578113,2
90578198,6
90578203,3
90578217,6
90578260,3
90578288,3
90578302,6
90578304,6
90578310,6
90578363,3
90578380,3
90578404,2
90578461,3
90578487,5
90578496,3
90578587,6
90578618,8
90578620,7
90578661,3
90578805,6
90578806,6
90578813,9
90578846,7
90578873,7
90578880,6
90578901,3
90578912,3
90578923,5
90578927,5
90578981,3
90578985,7
90578986,6
90578988,6
90578999,9
90579230,6
90579233,3
90579270,6
90579272,6
90579296,6
90579944,6
90579965,3
90579966,7
90579967,6
90579973,3
90579978,6
90579985,5
90579990,3
90579992,9
90579993,4
90579997,6
90579999,6
90593900,7
90606920,13
90608879,13
90608976,7
90614371,3
90614876,8
90614978,6
90619260,7
90619265,6
90619360,6
90619464,7
90619961,3
90646128,7
90676028,6
90676053,12
90676157,6
90676321,6
90676627,6
90676725,2
90676953,7
90678178,7
90678378,6
90678671,8
90678978,3
90710051,6
90710085,2
90710194,7
90710218,2
90710297,3
90710316,3
90710319,7
90710386,5
90710483,3
90710874,6
90710935,7
90710993,6
90711360,6
90712140,6
90712211,8
90712216,9
90712290,2
90712348,2
90712914,2
90712942,7
90712997,2
90713391,9
90713507,3
90713702,5
90713909,6
90713930,7
90713998,10
90714016,3
90714018,2
90714022,7
90714025,5
90714081,3
90714098,3
90714212,3
90714232,5
90714237,2
90714245,3
90714311,3
90714328,6
90714918,6
90714942,2
90715191,3
90715198,6
90715266,7
90715294,6
90715353,3
90715983,3
90715987,6
90715988,6
90715993,6
90716050,6
90716064,4
90716091,6
90716151,6
90716154,7
90716290,6
90716332,3
90716352,4
90716390,2
90716951,9
90716952,6
90716969,9
90716973,9
90716975,7
90716976,6
90716978,10
90716979,7
90716990,2
90716994,6
90717150,7
90717158,7
90717362,5
90718010,6
90718024,7
90718081,6
90718089,7
90718112,10
90718113,6
90718115,7
90718147,6
90718178,7
90718183,9
90718207,7
90718225,7
90718268,6
90718273,7
90718280,7
90718285,6
90718287,2
90718303,3
90718305,9
90718306,9
90718311,3
90718394,2
90718398,6
90718822,6
90718940,6
90718981,4
90718989,1
90719275,6
90719278,3
90719930,9
90719934,2
90719937,7
90719939,7
90719972,3
91374970,13
91374975,6
91374976,2
91500014,6
91500186,7
91500226,3
91500238,6
91500373,4
91500411,8
91500833,5
91500870,6
91500977,9
91501350,7
91503239,7
91504088,6
91504104,6
91504224,6
91504291,5
91504485,8
91504686,6
91504702,7
91504703,7
91504929,7
91506146,7
91506147,4
91506235,6
91506304,10
91506305,6
91506330,3
91506392,6
91506396,6
91506443,7
91506487,6
91506680,6
91506727,6
91506773,7
91506790,3
91506894,3
91506902,6
91506935,3
91506946,7
91506955,8
91506993,7
91507010,13
91507116,7
91507316,7
91507851,8
91507919,7
91508025,7
91508026,3
91508122,6
91508123,7
91508169,5
91508381,6
91508387,6
91508439,3
91508522,6
91508526,3
91508665,2
91508766,3
91508836,8
91508862,2
91508873,6
91508948,3
91540058,7
91540130,6
91540453,6
91543707,4
91544201,10
91544202,4
91544302,9
91546074,7
91546574,4
91546924,7
91570095,6
91570110,2
91570181,7
91570187,3
91570210,3
91570232,2
91570291,3
91570395,3
91570425,6
91570428,3
91570497,6
91570523,2
91570524,2
91570525,4
91570528,2
91570593,3
91570597,7
91570614,7
91570621,9
91570692,7
91570817,3
91570823,3
91570829,3
91570921,3
91570928,6
91570986,2
91570993,3
91570997,7
91571013,2
91571014,3
91571074,6
91571116,6
91571155,7
91571214,3
91571218,6
91571310,9
91571467,6
91571505,3
91571560,7
91571601,7
91571605,6
91571610,4
91571677,7
91571703,6
91571706,6
91571707,6
91571756,9
91571807,6
91571812,7
91571817,7
91571857,10
91571876,7
91572001,7
91572040,3
91572063,9
91572076,6
91572117,3
91572122,6
91572128,6
91572129,2
91572145,6
91572183,5
91572185,6
91572190,3
91572195,8
91572204,6
91572214,3
91572221,6
91572222,3
91572282,9
91572283,5
91572288,5
91572289,7
91572297,7
91572321,3
91572328,9
91572346,2
91572369,9
91572373,3
91572381,9
91572385,7
91572387,6
91572389,7
91572396,7
91572408,6
91572442,6
91572462,3
91572471,6
91572900,6
91572918,6
91572921,6
91572964,6
91572981,4
91572989,6
91572999,7
91573010,6
91573016,6
91573017,2
91573031,7
91573099,6
91573234,13
91573248,5
91573253,3
91573254,6
91573259,6
91573291,6
91573310,2
91573323,98
91573334,13
91573410,8
91573414,7
91573417,6
91573419,6
91573516,6
91573708,9
91573811,6
91573902,6
91573940,3
91573944,6
91573948,5
91573951,7
91573955,9
91573956,7
91573958,7
91574118,7
91574121,2
91574143,11
91574231,6
91574308,13
91574337,5
91574399,10
91574403,9
91574430,2
91574504,7
91574594,2
91574604,6
91574632,7
91574688,7
91574694,3
91574696,2
91574796,6
91574811,2
91574916,5
91574923,6
91574993,6
91575060,6
91575065,7
91575076,7
91575077,7
91575083,3
91575085,4
91575094,4
91575099,6
91575102,7
91575127,5
91575151,6
91575162,5
91575180,3
91575191,7
91575194,13
91575205,6
91575216,7
91575217,6
91575235,7
91575239,5
91575240,9
91575246,6
91575249,6
91575261,6
91575280,5
91575282,6
91575296,6
91575302,3
91575307,7
91575317,9
91575358,6
91575361,6
91575365,2
91575370,7
91575387,6
91575391,2
91575432,9
91575477,7
91575522,6
91575523,6
91575602,7
91575604,6
91575626,6
91575628,3
91575726,3
91575839,10
91575911,6
91575916,6
91575930,6
91575931,8
91575940,8
91575943,4
91575948,6
91575949,6
91575956,10
91575961,9
91575966,6
91575992,7
91576088,13
91576114,6
91576129,6
91576138,6
91576154,3
91576163,7
91576219,6
91576243,7
91576270,6
91576274,9
91576300,5
91576363,4
91576460,6
91576509,6
91576537,3
91576556,7
91576561,7
91576566,7
91576576,4
91576611,3
91576651,8
91576674,6
91576748,3
91576757,6
91576765,6
91576910,6
91576919,6
91576934,5
91577121,7
91577126,9
91577183,13
91577221,12
91577227,13
91577256,6
91577268,7
91577311,6
91577313,7
91577319,3
91577414,7
91577557,3
91577588,6
91577589,2
91577613,9
91577786,3
91577922,7
91577923,8
91577962,6
91578026,3
91578027,7
91578060,6
91578074,6
91578087,3
91578089,7
91578107,4
91578108,4
91578116,9
91578165,6
91578193,3
91578197,6
91578213,3
91578267,6
91578268,9
91578287,6
91578297,4
91578314,6
91578315,6
91578318,6
91578446,7
91578491,6
91578495,6
91578510,4
91578526,7
91578538,4
91578540,6
91578584,7
91578587,12
91578605,3
91578740,5
91578747,3
91578801,6
91578863,6
91578892,3
91578898,5
91578917,8
91578999,6
91579175,3
91579230,3
91579234,3
91579237,9
91579241,2
91579242,11
91579243,6
91579245,5
91579246,6
91579258,3
91579272,6
91579296,6
91579335,2
91579339,6
91579932,8
91579936,9
91579939,7
91579942,6
91579946,2
91579962,3
91579964,3
91579967,5
91579980,3
91579987,7
91579992,3
91579993,6
91579994,6
91579995,6
91579997,3
91608077,6
91608475,7
91608476,6
91614079,7
91614578,10
91614772,9
91614777,4
91614874,6
91614974,5
91614978,6
91619061,3
91619063,9
91619064,9
91619169,6
91619268,6
91619467,8
91619660,7
91619665,13
91619862,7
91624978,6
91646122,10
91646126,6
91676253,7
91676357,9
91676522,6
91676652,11
91676958,3
91678173,7
91678373,6
91678572,7
91678674,8
91710018,8
91710037,6
91710130,7
91710173,6
91710183,6
91710214,6
91710232,2
91710252,3
91710287,3
91710293,5
91710339,6
91710454,4
91710655,6
91710852,3
91710915,7
91710973,3
91710996,6
91710998,3
91711065,3
91711167,8
91711277,3
91711476,3
91711865,7
91712211,5
91712217,5
91712273,6
91712274,8
91712298,6
91712314,2
91712371,2
91712372,3
91712375,3
91712378,3
91712842,4
91712901,6
91712902,5
91712905,2
91712908,6
91712909,6
91712918,3
91712946,6
91712998,6
91713006,6
91713031,3
91713039,3
91713106,6
91713190,6
91713298,3
91713604,7
91713997,3
91713998,6
91714043,6
91714046,6
91714099,6
91714128,7
91714144,6
91714212,3
91714231,3
91714235,3
91714237,3
91714326,4
91714332,7
91714338,7
91714928,2
91714938,2
91714987,3
91715124,7
91715256,6
91715280,6
91715282,2
91715286,6
91715365,6
91715828,8
91715892,9
91715920,3
91715921,3
91715927,3
91715952,3
91715958,6
91715983,6
91715984,6
91715991,7
91716018,9
91716080,3
91716096,7
91716098,2
91716116,8
91716136,7
91716158,9
91716161,6
91716275,8
91716281,7
91716288,6
91716321,6
91716484,3
91716890,6
91716902,7
91716903,6
91716908,5
91716952,2
91717055,7
91717067,4
91717169,7
91717853,2
91717858,8
91717862,3
91717865,6
91717910,6
91717912,3
91717916,6
91717918,7
91718001,5
91718004,6
91718025,7
91718073,6
91718077,6
91718080,3
91718081,6
91718085,2
91718105,9
91718109,3
91718142,7
91718174,6
91718195,3
91718209,6
91718287,6
91718294,3
91718302,6
91718320,4
91718368,2
91718379,9
91718844,7
91718916,7
91718949,7
91718960,3
91718969,2
91719273,4
91719375,2
91719930,6
91719931,6
91719932,7
91719934,7
91719937,7
92316359,6
92374970,6
92374975,10
92374978,7
92374979,6
92500037,6
92500081,6
92500119,5
92500184,12
92500219,6
92500618,6
92500739,7
92500914,5
92500951,3
92500970,2
92500984,6
92503208,6
92504085,7
92504100,6
92504229,8
92504284,6
92504321,3
92504421,8
92504722,7
92504827,9
92504901,7
92506022,6
92506287,6
92506525,6
92506687,3
92506889,6
92506942,7
92506951,6
92506966,7
92506993,7
92506995,6
92507858,4
92507952,6
92507983,6
92508223,6
92508286,13
92508530,3
92508625,9
92508726,9
92508934,7
92540117,3
92540351,6
92540559,6
92540654,3
92543208,2
92546073,4
92546995,6
92570084,6
92570086,6
92570236,6
92570282,6
92570284,6
92570396,5
92570577,7
92570629,7
92570676,7
92570678,5
92570698,3
92570722,6
92570856,5
92570879,3
92570975,6
92570978,6
92571003,6
92571017,9
92571019,4
92571052,7
92571106,3
92571175,3
92571200,3
92571208,8
92571311,8
92571316,2
92571476,6
92571664,8
92571801,6
92571819,7
92572061,6
92572101,6
92572104,7
92572108,7
92572119,9
92572162,5
92572168,6
92572169,7
92572171,7
92572203,6
92572209,6
92572226,7
92572242,9
92572260,7
92572267,3
92572283,6
92572290,3
92572292,6
92572298,3
92572300,7
92572314,8
92572317,2
92572321,2
92572323,3
92572345,6
92572348,5
92572382,4
92572383,2
92572390,3
92572397,6
92572408,6
92572444,8
92572648,2
92572665,3
92572669,12
92572802,7
92572803,3
92572842,6
92572864,6
92572906,7
92572916,6
92572918,6
92572919,3
92572963,6
92572983,6
92572986,7
92572989,4
92573004,6
92573010,12
92573096,7
92573136,4
92573194,7
92573211,1
92573232,3
92573311,5
92573316,7
92573497,6
92573531,6
92573610,2
92573690,3
92573691,7
92573693,3
92573697,3
92573816,6
92573818,7
92573916,7
92573917,8
92573942,3
92573943,3
92573945,6
92573958,6
92574010,3
92574018,2
92574090,6
92574200,7
92574302,9
92574314,6
92574316,6
92574614,6
92574701,7
92574703,6
92574739,6
92574808,7
92574810,2
92575015,7
92575017,7
92575023,3
92575033,2
92575095,7
92575180,3
92575201,7
92575213,9
92575217,7
92575222,3
92575231,6
92575240,9
92575244,8
92575246,7
92575247,6
92575248,7
92575249,3
92575263,9
92575292,7
92575297,7
92575324,3
92575326,10
92575350,3
92575373,8
92575395,4
92575400,3
92575407,6
92575420,8
92575421,5
92575434,6
92575526,4
92575627,7
92575771,11
92575807,7
92575827,3
92575868,7
92575907,6
92575911,4
92575935,8
92575939,8
92575941,10
92575944,6
92575951,4
92575959,5
92575971,7
92575974,9
92575990,6
92575992,6
92575995,6
92575999,5
92576033,6
92576040,7
92576122,6
92576182,3
92576248,6
92576288,8
92576312,7
92576328,7
92576439,4
92576472,7
92576476,6
92576493,6
92576499,6
92576504,7
92576531,8
92576533,7
92576555,5
92576611,12
92576693,11
92576694,7
92576774,9
92576865,3
92576937,11
92576939,3
92576950,6
92576984,6
92577013,9
92577065,2
92577112,3
92577127,9
92577129,7
92577160,3
92577161,6
92577217,7
92577326,7
92577368,12
92577514,5
92577581,7
92577617,7
92577864,4
92577917,8
92577918,6
92577920,7
92577927,6
92577929,9
92577982,2
92577987,7
92578034,6
92578042,6
92578108,6
92578161,5
92578280,7
92578310,2
92578387,6
92578411,6
92578423,3
92578428,6
92578515,7
92578545,6
92578562,6
92578580,2
92578589,5
92578667,2
92578722,7
92578783,6
92578846,7
92578860,6
92578899,6
92578902,3
92578907,2
92578930,6
92578935,6
92578984,6
92578995,8
92579175,6
92579179,6
92579232,8
92579235,6
92579238,6
92579261,6
92579267,6
92579291,3
92579292,6
92579297,6
92579299,4
92579335,7
92579371,3
92579376,3
92579934,9
92579935,11
92579937,6
92579942,7
92579943,3
92579949,3
92579960,3
92579962,5
92579963,5
92579965,6
92579968,6
92579970,6
92579979,6
92579982,3
92579984,6
92579987,3
92579992,3
92579993,6
92579994,6
92579996,2
92579998,10
92608078,7
92608972,7
92614170,3
92614372,2
92619168,7
92619265,7
92619368,7
92619869,9
92619969,6
92624977,6
92676153,3
92676351,6
92676356,10
92676421,7
92676457,5
92676556,5
92678179,6
92678476,6
92710091,7
92710098,2
92710191,7
92710199,3
92710210,9
92710291,6
92710392,3
92710398,6
92710581,5
92710936,7
92710999,6
92711067,7
92711076,5
92711969,7
92712148,3
92712217,3
92712242,6
92712276,2
92712391,7
92712919,2
92712996,6
92712998,6
92713132,7
92713191,7
92713198,7
92713293,6
92713391,6
92713399,7
92713936,6
92714112,3
92714199,7
92714212,2
92714249,6
92714330,7
92714331,5
92714687,2
92714880,6
92714895,6
92714917,2
92714927,7
92714932,6
92714942,2
92715259,3
92715321,3
92715352,2
92715357,2
92715399,7
92715896,7
92715931,6
92715953,6
92715956,5
92715980,6
92715984,6
92715985,2
92715998,3
92716069,6
92716164,6
92716167,2
92716332,6
92716333,5
92716339,2
92716353,6
92716360,6
92716390,5
92716883,6
92716897,3
92716901,7
92716902,7
92716936,6
92716976,6
92716985,5
92717166,6
92717265,6
92717368,2
92717866,3
92717911,7
92717912,8
92717915,7
92717916,7
92717917,3
92717918,7
92718020,6
92718027,5
92718100,8
92718114,13
92718115,2
92718126,2
92718190,3
92718265,5
92718269,3
92718307,7
92718324,4
92718344,7
92718370,3
92718390,6
92718906,6
92718922,5
92718925,4
92718929,6
92718945,6
92718978,6
92719277,6
92719934,7
92719939,6
92719970,6
92719971,6
92719975,6
92719979,6
93316052,5
93316956,6
93374970,8
93374973,12
93374975,7
93374978,8
93500252,7
93500376,6
93500385,6
93500455,3
93500514,3
93500517,3
93500915,3
93503136,7
93503201,3
93503507,6
93503804,4
93504001,9
93504004,6
93504281,10
93504600,7
93504605,7
93504704,7
93504823,6
93504990,6
93504993,2
93506053,5
93506147,7
93506150,6
93506222,3
93506226,7
93506242,3
93506273,6
93506290,6
93506340,7
93506487,6
93506573,7
93506722,6
93506930,4
93507256,3
93507312,7
93508228,7
93508270,7
93508287,2
93508463,6
93508564,6
93508623,2
93508767,3
93508961,6
93540151,6
93540315,3
93544901,9
93544923,2
93546224,6
93546575,3
93548877,6
93570097,7
93570194,6
93570198,3
93570223,6
93570226,3
93570292,5
93570295,7
93570328,6
93570335,12
93570375,9
93570384,7
93570396,3
93570432,7
93570513,7
93570521,7
93570581,6
93570695,4
93570696,6
93570721,9
93570787,8
93570929,5
93570939,9
93571010,5
93571016,7
93571060,12
93571066,3
93571114,6
93571153,7
93571205,6
93571216,7
93571350,13
93571366,6
93571452,8
93571469,5
93571506,3
93571707,6
93571765,9
93571769,7
93571806,7
93571857,7
93571862,6
93571911,6
93572076,3
93572102,5
93572115,6
93572118,3
93572140,6
93572146,7
93572164,5
93572169,6
93572199,6
93572200,8
93572215,7
93572225,7
93572227,3
93572276,2
93572283,7
93572284,7
93572286,6
93572287,3
93572288,6
93572322,6
93572342,3
93572363,6
93572365,4
93572369,6
93572376,6
93572380,3
93572383,6
93572388,6
93572389,6
93572390,3
93572393,7
93572443,7
93572448,6
93572462,7
93572668,6
93572802,7
93572804,6
93572808,7
93572864,2
93572910,3
93572916,6
93572948,6
93572964,6
93572971,6
93572975,6
93572986,6
93572988,3
93572993,7
93573039,7
93573118,6
93573138,9
93573190,2
93573223,3
93573313,3
93573327,3
93573336,6
93573610,6
93573618,6
93573631,9
93573639,9
93573694,6
93573916,6
93573933,7
93573940,2
93573942,2
93573949,3
93573950,6
93573951,3
93573959,7
93573994,5
93573999,6
93574023,6
93574088,3
93574109,7
93574203,13
93574235,2
93574247,8
93574299,7
93574300,9
93574305,8
93574426,5
93574434,6
93574441,6
93574494,2
93574504,7
93574520,3
93574605,7
93574632,5
93574688,6
93574705,6
93574791,3
93574818,5
93574847,6
93574885,9
93574894,3
93574909,7
93574917,3
93574932,2
93575016,7
93575070,7
93575084,8
93575117,9
93575122,6
93575124,4
93575154,6
93575158,6
93575181,7
93575184,8
93575233,6
93575244,5
93575248,7
93575249,7
93575250,3
93575275,9
93575287,2
93575290,8
93575309,6
93575329,3
93575336,6
93575354,4
93575384,5
93575385,5
93575389,6
93575395,7
93575398,13
93575400,7
93575403,6
93575407,13
93575425,7
93575621,5
93575624,9
93575625,8
93575800,3
93575809,7
93575820,3
93575835,8
93575924,3
93575946,6
93575948,6
93575964,9
93575979,7
93575980,2
93575983,9
93575989,6
93575998,9
93576009,3
93576037,7
93576040,6
93576119,6
93576206,6
93576251,6
93576265,6
93576343,3
93576372,3
93576458,7
93576488,7
93576534,11
93576538,10
93576563,6
93576574,6
93576638,7
93576741,6
93576794,6
93576803,6
93576840,13
93576898,3
93576919,6
93576924,3
93577057,7
93577123,12
93577126,13
93577151,6
93577184,9
93577225,7
93577262,6
93577320,8
93577321,8
93577328,13
93577782,3
93577922,6
93577953,6
93578019,8
93578025,5
93578040,6
93578082,4
93578116,7
93578142,3
93578170,6
93578217,4
93578231,9
93578249,7
93578309,5
93578314,6
93578315,9
93578347,8
93578380,9
93578413,5
93578435,9
93578443,3
93578447,6
93578486,6
93578493,8
93578500,6
93578507,5
93578536,9
93578537,3
93578548,7
93578609,6
93578685,4
93578693,5
93578735,5
93578741,3
93578806,6
93578861,6
93578865,6
93578897,6
93578937,7
93579230,7
93579232,7
93579234,7
93579239,6
93579260,7
93579262,3
93579266,6
93579267,3
93579273,3
93579278,6
93579292,6
93579293,7
93579298,6
93579331,3
93579332,6
93579336,5
93579375,6
93579379,3
93579934,8
93579938,6
93579941,3
93579945,6
93579948,2
93579950,3
93579958,3
93579961,5
93579963,6
93579966,3
93579977,3
93579982,2
93579984,7
93579988,6
93579993,6
93579994,6
93579995,2
93579999,7
93590952,7
93606129,7
93606726,13
93606824,13
93608178,3
93614072,3
93614271,7
93614277,7
93614879,2
93614977,4
93619060,10
93619360,8
93619361,6
93619466,9
93619861,7
93619869,7
93624272,5
93624972,7
93636258,6
93676125,10
93676527,6
93676754,6
93678272,6
93678779,6
93710011,2
93710092,5
93710179,2
93710235,6
93710318,5
93710319,3
93710356,3
93710397,6
93710473,7
93710489,8
93710587,7
93710876,2
93710913,5
93710914,3
93710917,2
93710930,7
93711070,5
93711876,7
93711961,6
93712040,6
93712177,2
93712210,6
93712272,5
93712292,6
93712295,6
93712347,4
93712399,7
93712910,6
93712915,2
93713033,7
93713133,9
93713294,3
93713335,7
93713409,3
93713602,3
93714010,2
93714021,7
93714082,5
93714087,5
93714092,8
93714126,6
93714190,7
93714236,6
93714292,6
93714317,2
93714349,3
93714387,7
93714398,3
93714847,4
93714890,3
93714941,6
93714984,7
93715125,2
93715253,2
93715255,2
93715257,3
93715269,2
93715362,6
93715394,6
93715890,7
93715922,3
93715932,3
93715933,6
93715935,3
93715937,6
93715953,6
93715982,7
93715989,7
93715990,2
93715999,6
93716058,7
93716092,6
93716093,5
93716159,7
93716196,5
93716198,10
93716260,6
93716333,6
93716334,6
93716352,6
93716393,6
93716424,6
93716669,7
93716901,6
93716905,6
93716911,9
93716915,9
93716921,7
93716927,7
93716970,6
93716976,9
93716993,6
93717060,5
93717156,2
93717257,2
93717361,4
93717463,2
93717464,3
93717868,5
93717869,2
93717956,4
93717958,6
93717967,7
93718017,2
93718046,9
93718123,7
93718129,5
93718189,2
93718206,8
93718273,6
93718280,6
93718297,2
93718312,2
93718316,3
93718326,5
93718361,5
93718377,5
93718397,5
93718682,7
93718821,7
93718903,6
93718917,4
93718943,8
93718944,6
93719930,2
93719938,6
93719971,6
93719972,6
94500172,12
94500212,9
94500284,5
94500452,6
94500619,6
94500874,3
94500877,2
94500878,9
94500925,12
94501957,7
94503036,7
94503334,7
94503809,3
94503830,2
94503834,6
94503902,5
94503909,3
94504082,3
94504188,6
94504223,6
94504325,11
94504408,9
94504645,6
94504708,12
94504728,5
94504828,3
94504991,2
94504994,6
94506049,3
94506051,7
94506202,7
94506247,6
94506254,3
94506271,4
94506321,6
94506340,3
94506350,5
94506352,6
94506376,6
94506520,2
94506575,3
94506686,10
94506933,9
94506956,4
94506999,6
94507152,2
94507214,6
94508068,10
94508165,12
94508237,6
94508423,7
94508567,3
94508662,7
94508679,7
94508733,6
94540213,3
94540311,9
94543907,6
94544200,6
94544288,6
94544304,3
94544909,9
94546874,7
94548379,10
94548977,7
94570029,6
94570083,5
94570097,3
94570121,7
94570151,4
94570199,3
94570297,3
94570384,9
94570479,6
94570493,7
94570526,7
94570527,3
94570620,6
94570676,7
94570691,6
94570694,3
94570699,5
94570773,6
94570833,6
94570891,6
94570914,6
94570920,9
94570921,6
94571009,7
94571010,6
94571015,5
94571070,6
94571074,6
94571100,3
94571160,6
94571176,6
94571200,1
94571212,6
94571265,6
94571310,4
94571353,7
94571364,7
94571367,5
94571405,11
94571407,3
94571468,7
94571479,6
94571501,3
94571502,7
94571506,9
94571751,8
94571818,7
94571870,6
94571903,7
94571906,7
94571910,3
94571950,13
94571970,2
94571971,2
94572040,9
94572046,2
94572066,7
94572104,9
94572149,6
94572160,3
94572170,7
94572194,6
94572206,6
94572208,6
94572216,3
94572220,3
94572227,3
94572263,6
94572270,5
94572285,6
94572291,9
94572312,7
94572315,7
94572318,5
94572325,3
94572326,6
94572327,6
94572343,6
94572360,6
94572377,7
94572380,4
94572388,2
94572396,4
94572560,3
94572567,7
94572661,10
94572662,7
94572667,9
94572878,5
94572902,6
94572912,6
94572918,6
94572923,6
94572929,2
94572940,4
94572944,3
94572977,2
94572981,3
94572988,10
94572989,6
94573092,7
94573223,3
94573232,7
94573418,6
94573439,7
94573497,6
94573691,3
94573693,6
94573699,6
94573925,3
94573941,3
94573943,5
94573944,3
94573949,7
94573951,3
94573955,9
94573957,6
94574027,7
94574105,7
94574112,5
94574118,3
94574119,3
94574128,13
94574135,2
94574140,6
94574235,6
94574237,2
94574241,4
94574281,7
94574310,5
94574388,7
94574412,3
94574414,6
94574494,3
94574536,6
94574647,6
94574729,3
94574748,6
94574802,9
94574815,2
94574830,9
94575026,6
94575029,6
94575035,3
94575068,6
94575076,7
94575116,7
94575133,8
94575172,11
94575194,6
94575195,9
94575211,7
94575218,9
94575228,6
94575231,3
94575243,6
94575247,7
94575261,6
94575263,7
94575280,5
94575288,4
94575333,10
94575367,9
94575369,3
94575387,3
94575393,13
94575404,6
94575425,6
94575462,2
94575463,8
94575465,8
94575471,8
94575522,3
94575629,2
94575805,3
94575838,6
94575868,6
94575876,7
94575907,5
94575940,6
94575943,6
94575946,8
94575948,6
94575955,7
94575963,7
94575966,6
94575969,7
94575985,7
94575989,6
94575991,6
94576007,8
94576024,6
94576103,3
94576105,7
94576154,3
94576216,9
94576254,2
94576263,5
94576281,6
94576292,7
94576352,9
94576357,6
94576395,6
94576411,3
94576432,7
94576537,7
94576610,4
94576615,13
94576631,7
94576659,8
94576661,7
94576685,2
94576706,12
94576844,3
94576943,8
94576983,2
94576985,3
94577050,10
94577061,9
94577082,7
94577084,6
94577123,7
94577128,9
94577129,8
94577163,6
94577168,5
94577222,7
94577226,13
94577264,3
94577361,6
94577452,6
94577480,7
94577781,6
94577921,7
94577923,7
94577924,10
94578088,6
94578095,3
94578096,5
94578101,6
94578106,3
94578110,7
94578117,3
94578127,6
94578131,3
94578149,7
94578194,8
94578218,3
94578312,2
94578383,6
94578410,6
94578416,7
94578421,6
94578490,3
94578527,2
94578571,7
94578587,6
94578643,6
94578739,7
94578780,9
94578804,6
94578813,9
94578874,6
94578881,5
94578890,6
94578899,6
94578910,3
94578921,6
94578943,3
94578966,7
94578984,6
94579174,2
94579176,4
94579179,2
94579232,7
94579262,5
94579290,6
94579291,2
94579292,3
94579294,6
94579295,4
94579296,3
94579299,2
94579374,6
94579375,6
94579930,13
94579939,6
94579941,7
94579944,6
94579945,2
94579946,2
94579962,7
94579968,6
94579974,4
94579997,6
94579998,3
94579999,4
94590955,3
94593905,7
94614472,6
94614679,3
94614976,6
94619063,7
94619162,6
94619167,6
94619262,3
94619266,9
94619369,5
94619466,7
94619467,7
94619469,7
94619867,13
94619963,7
94619964,7
94636352,6
94636354,4
94676728,3
94678273,6
94678274,6
94710033,7
94710139,7
94710188,6
94710239,7
94710376,5
94710390,6
94710392,6
94710450,6
94710871,7
94710883,7
94710974,6
94710989,6
94710994,6
94710998,6
94710999,6
94711065,6
94711176,11
94711266,7
94711862,6
94711973,7
94711974,7
94712047,5
94712211,3
94712218,3
94712341,3
94712396,5
94712917,3
94712942,6
94712975,2
94712990,6
94712998,1
94713002,2
94713301,6
94713395,6
94713603,6
94713936,6
94714020,6
94714022,5
94714085,7
94714088,6
94714117,5
94714180,7
94714231,2
94714237,3
94714242,6
94714310,3
94714322,9
94714344,7
94714394,5
94714398,2
94714480,3
94714681,3
94714934,6
94714990,4
94715025,6
94715123,2
94715254,7
94715257,6
94715393,9
94715954,6
94715955,5
94715980,7
94715981,5
94715982,2
94715987,7
94715994,2
94716011,6
94716057,6
94716068,7
94716095,6
94716153,2
94716192,2
94716217,6
94716265,6
94716281,5
94716290,6
94716293,6
94716315,10
94716358,3
94716627,7
94716668,6
94716893,6
94716975,6
94716976,2
94716987,6
94717262,2
94717461,6
94718027,6
94718105,6
94718125,7
94718180,4
94718194,6
94718211,7
94718249,12
94718273,8
94718277,3
94718284,6
94718329,6
94718393,9
94718485,6
94718880,3
94718888,6
94718944,8
94718971,6
94718987,12
94718998,6
94719270,5
94719279,7
94719932,7
94719933,6
94719935,6
94719936,12
94719978,5
95316851,5
95374971,9
95374972,6
95374973,9
95374975,8
95500036,6
95500235,7
95500280,6
95500332,7
95500333,6
95500710,6
95500839,6
95501960,2
95504188,7
95504228,6
95504423,6
95504481,5
95504484,6
95504487,6
95504608,11
95504620,12
95504707,7
95504709,7
95504888,6
95504902,7
95504947,7
95506022,6
95506098,4
95506124,3
95506154,6
95506202,3
95506230,7
95506308,2
95506309,6
95506395,6
95506426,3
95506482,6
95506527,2
95506680,7
95506926,6
95507059,6
95507158,4
95507214,6
95507311,4
95507914,3
95508034,4
95508271,9
95508323,2
95508339,7
95508624,6
95508833,7
95508931,6
95508980,5
95508981,3
95508984,8
95540910,7
95543606,3
95544983,7
95544985,6
95546778,3
95546779,2
95548969,5
95570025,7
95570097,6
95570121,7
95570123,6
95570184,7
95570294,5
95570299,2
95570353,6
95570376,3
95570450,3
95570480,7
95570576,3
95570588,6
95570621,9
95570789,6
95570852,3
95570929,7
95571018,13
95571100,6
95571112,3
95571160,12
95571204,5
95571210,6
95571306,6
95571316,7
95571319,3
95571378,5
95571465,3
95571601,6
95571651,13
95571657,7
95571669,6
95571674,6
95571819,11
95571877,3
95571913,4
95572073,1
95572078,5
95572102,10
95572107,6
95572108,6
95572111,6
95572115,3
95572206,6
95572227,3
95572248,4
95572283,6
95572285,2
95572289,3
95572291,7
95572297,6
95572306,9
95572316,7
95572318,4
95572322,7
95572343,6
95572376,7
95572382,5
95572386,8
95572394,6
95572402,7
95572405,6
95572804,6
95572847,6
95572861,6
95572865,2
95572872,2
95572876,6
95572903,7
95572917,6
95572918,9
95572921,3
95572925,3
95572967,5
95572984,7
95572985,6
95573031,3
95573193,6
95573219,7
95573230,7
95573233,9
95573293,3
95573333,5
95573407,2
95573412,6
95573415,7
95573516,3
95573618,3
95573917,6
95573945,4
95573949,3
95573950,6
95573951,7
95573954,9
95573956,6
95573957,6
95573958,7
95573991,13
95573994,6
95574031,2
95574234,3
95574295,2
95574333,6
95574408,6
95574415,6
95574502,7
95574503,8
95574529,6
95574591,7
95574604,7
95574608,8
95574614,6
95574615,5
95574617,3
95574733,6
95574745,2
95574790,2
95574804,10
95574839,3
95574936,6
95574937,2
95574944,6
95574998,2
95575014,6
95575026,6
95575029,3
95575031,6
95575062,8
95575073,9
95575081,3
95575087,2
95575100,7
95575122,3
95575134,7
95575153,6
95575164,3
95575166,7
95575181,5
95575203,6
95575206,7
95575211,6
95575222,6
95575241,7
95575243,7
95575244,9
95575255,3
95575259,6
95575294,7
95575309,6
95575319,10
95575322,7
95575331,5
95575337,6
95575351,6
95575357,6
95575377,7
95575379,8
95575386,6
95575401,7
95575404,6
95575461,6
95575462,9
95575621,7
95575629,6
95575678,9
95575805,10
95575825,5
95575871,8
95575940,7
95575941,6
95575943,3
95575944,7
95575945,6
95575946,8
95575985,6
95576034,3
95576037,6
95576039,3
95576052,3
95576064,7
95576091,6
95576114,7
95576116,9
95576158,6
95576184,6
95576262,7
95576307,7
95576323,3
95576363,7
95576414,7
95576435,13
95576447,3
95576471,7
95576519,5
95576586,3
95576759,5
95576763,6
95576814,7
95576815,6
95576817,7
95576832,7
95576841,2
95576852,9
95576898,7
95576904,3
95577061,7
95577124,6
95577129,13
95577223,9
95577224,8
95577227,7
95577228,7
95577229,9
95577267,6
95577321,7
95577363,7
95577783,7
95577862,6
95577863,6
95577884,6
95577889,5
95577923,6
95577926,6
95577928,7
95577986,3
95578006,2
95578046,7
95578083,2
95578106,3
95578109,3
95578113,6
95578126,5
95578148,6
95578195,3
95578196,9
95578205,8
95578206,4
95578218,6
95578307,3
95578380,3
95578413,6
95578482,2
95578486,7
95578614,6
95578642,6
95578685,9
95578741,7
95578818,6
95578867,7
95578886,6
95578894,6
95578911,3
95578939,2
95578948,5
95578995,6
95579175,6
95579178,4
95579232,9
95579234,9
95579237,3
95579246,3
95579263,4
95579266,7
95579269,6
95579271,13
95579276,3
95579290,3
95579291,3
95579292,4
95579293,5
95579332,3
95579374,13
95579379,2
95579936,9
95579937,6
95579941,3
95579943,6
95579944,3
95579947,3
95579957,6
95579960,6
95579962,9
95579963,6
95579966,3
95579978,3
95579982,6
95579986,7
95579989,6
95579990,5
95579994,4
95593009,6
95593101,2
95593202,6
95593302,6
95593907,3
95614178,6
95619065,6
95619165,9
95619167,13
95619465,6
95619962,7
95624976,3
95678077,6
95678275,6
95678870,2
95710081,6
95710117,6
95710158,6
95710236,2
95710254,2
95710285,6
95710489,3
95710552,6
95710589,12
95710936,6
95710953,6
95710977,3
95710984,2
95711267,7
95711366,10
95711369,8
95711869,6
95711964,3
95711978,4
95712176,2
95712214,7
95712290,6
95712297,10
95712312,2
95712317,6
95712342,2
95712398,6
95712913,6
95712917,3
95712945,6
95712949,2
95713235,7
95713308,6
95713335,7
95713806,3
95714020,2
95714098,6
95714226,6
95714230,6
95714281,6
95714316,3
95714322,7
95714334,6
95714483,6
95714886,3
95714890,5
95714891,3
95714924,7
95715028,4
95715097,6
95715229,3
95715252,6
95715323,2
95715358,3
95715359,6
95715368,7
95715393,7
95715395,6
95715935,6
95715937,8
95715951,2
95715952,7
95715983,3
95715986,4
95715988,6
95716028,6
95716057,2
95716098,6
95716099,12
95716130,5
95716150,3
95716191,7
95716211,6
95716214,2
95716318,3
95716339,7
95716424,3
95716826,3
95716862,7
95716882,3
95716891,7
95716901,7
95716903,8
95716904,7
95716906,6
95716916,3
95716932,6
95716953,2
95716970,7
95716973,7
95716975,6
95716976,7
95717068,3
95717168,7
95717268,7
95717362,6
95717364,7
95717368,5
95717861,2
95717912,6
95717914,7
95717916,7
95717919,3
95717951,8
95717957,7
95718107,7
95718187,7
95718215,6
95718216,4
95718296,2
95718313,6
95718387,6
95718482,6
95718486,7
95718684,6
95718821,2
95718886,6
95718900,6
95718908,5
95718925,4
95718926,3
95718971,7
95718998,5
95719270,6
95719279,3
95719930,6
95719935,2
95719936,7
95719937,5
95719973,3
95719975,1
95719977,2
96316056,4
96316453,2
96374972,6
96374974,7
96374976,6
96374977,6
96500070,7
96500182,6
96500221,3
96500257,2
96500282,2
96500381,2
96500655,6
96500815,3
96500870,3
96500920,7
96500928,6
96500981,5
96501251,7
96501960,6
96501966,2
96503800,6
96503834,6
96503930,7
96504102,7
96504204,7
96504341,7
96504509,8
96504821,5
96504949,6
96506057,6
96506097,7
96506122,6
96506158,6
96506274,6
96506282,6
96506342,5
96506354,6
96506359,6
96506449,3
96506692,5
96506722,2
96506790,6
96506929,6
96506942,7
96506962,6
96506967,7
96507057,3
96507982,3
96508135,8
96508285,2
96508532,3
96508834,6
96508876,6
96508947,2
96508974,6
96540219,7
96544206,7
96544208,7
96544308,7
96544888,3
96546225,6
96546276,7
96546779,9
96570059,7
96570072,7
96570085,2
96570121,6
96570129,3
96570188,7
96570212,11
96570213,5
96570285,7
96570488,7
96570490,6
96570520,5
96570596,13
96570612,3
96570735,4
96570819,6
96570870,4
96570875,7
96570891,7
96570982,6
96571001,5
96571008,7
96571013,7
96571077,2
96571113,6
96571117,7
96571169,3
96571211,6
96571272,3
96571311,7
96571400,6
96571409,6
96571505,7
96571509,5
96571565,2
96571605,7
96571675,3
96571709,6
96571811,6
96571818,2
96571819,6
96571851,6
96571859,7
96571872,3
96571911,6
96571953,7
96572003,7
96572063,3
96572109,5
96572112,6
96572119,6
96572166,7
96572177,6
96572191,6
96572196,5
96572197,7
96572201,6
96572218,6
96572224,6
96572260,5
96572283,6
96572289,13
96572298,9
96572318,6
96572319,6
96572324,3
96572360,8
96572364,7
96572365,7
96572382,3
96572386,3
96572387,3
96572388,6
96572443,6
96572463,7
96572472,7
96572477,6
96572560,4
96572565,6
96572648,4
96572664,7
96572870,6
96572874,2
96572906,4
96572909,13
96572912,3
96572915,2
96572916,9
96572923,2
96572926,6
96572963,6
96572976,2
96572982,3
96572985,9
96572995,8
96573011,6
96573014,3
96573099,2
96573108,7
96573219,7
96573250,6
96573253,6
96573257,6
96573291,6
96573297,3
96573315,7
96573416,6
96573436,6
96573617,2
96573699,6
96573807,5
96573838,7
96573891,5
96573932,6
96573941,6
96573944,3
96573946,6
96573947,3
96573948,7
96573949,7
96573950,3
96573952,6
96573954,6
96573955,6
96573957,6
96573995,6
96573998,3
96573999,11
96574010,6
96574113,6
96574115,2
96574198,6
96574237,2
96574316,6
96574390,6
96574395,2
96574411,3
96574419,5
96574438,2
96574589,6
96574590,2
96574615,6
96574616,4
96574632,3
96574791,2
96574803,6
96574805,10
96574924,5
96575017,6
96575056,6
96575057,12
96575058,3
96575061,3
96575067,7
96575073,8
96575074,13
96575131,6
96575155,7
96575156,3
96575157,4
96575159,6
96575187,6
96575213,6
96575242,6
96575247,7
96575249,6
96575261,5
96575280,7
96575286,6
96575289,3
96575295,6
96575296,8
96575298,7
96575306,7
96575327,3
96575355,6
96575371,9
96575384,6
96575388,8
96575391,6
96575407,9
96575428,3
96575435,9
96575578,11
96575723,10
96575806,7
96575862,7
96575872,7
96575877,8
96575918,7
96575940,3
96575942,6
96575944,9
96575947,9
96575948,6
96575949,8
96575950,6
96575990,6
96575995,6
96575996,7
96576144,7
96576167,3
96576200,7
96576203,10
96576212,7
96576215,7
96576256,7
96576261,13
96576287,7
96576338,7
96576430,7
96576456,6
96576497,5
96576501,6
96576531,7
96576632,7
96576639,6
96576667,7
96576720,6
96576723,6
96576750,2
96576818,6
96576844,6
96576865,6
96576905,8
96576922,6
96577089,2
96577123,13
96577156,8
96577263,6
96577280,3
96577284,6
96577322,6
96577323,13
96577354,6
96577585,6
96577615,6
96577687,3
96577860,7
96577862,6
96577922,7
96577924,6
96577928,9
96577929,13
96577964,6
96577988,5
96578080,6
96578081,6
96578138,7
96578210,6
96578239,3
96578266,6
96578283,3
96578284,7
96578293,3
96578347,9
96578399,2
96578410,6
96578431,5
96578484,7
96578569,6
96578582,6
96578598,6
96578602,8
96578615,6
96578810,7
96578839,7
96578896,6
96578900,4
96578942,5
96578997,2
96579170,2
96579175,3
96579178,6
96579230,6
96579233,7
96579236,6
96579238,9
96579244,3
96579261,6
96579262,7
96579265,5
96579267,6
96579268,7
96579270,6
96579271,3
96579296,3
96579298,3
96579330,9
96579370,13
96579932,9
96579935,9
96579936,7
96579941,3
96579943,2
96579944,2
96579958,3
96579962,6
96579966,7
96579967,6
96579968,7
96579970,3
96579980,7
96579981,7
96579983,7
96579986,3
96579996,3
96608374,7
96619061,7
96619062,13
96619067,7
96619269,7
96619364,6
96619369,8
96619661,7
96619960,6
96624277,6
96624973,8
96646027,6
96676122,8
96676258,3
96676455,6
96676651,8
96676724,7
96676757,6
96676958,3
96678070,7
96678278,7
96678376,6
96678377,6
96678471,6
96678575,6
96710053,2
96710082,6
96710094,3
96710137,8
96710152,2
96710187,3
96710196,6
96710217,7
96710237,6
96710284,6
96710311,7
96710333,8
96710438,6
96710470,7
96710480,7
96710587,7
96710839,6
96710888,6
96710970,6
96710983,4
96711075,6
96711076,6
96711162,9
96711175,8
96712146,2
96712213,6
96712215,7
96712311,6
96712349,2
96712372,2
96712900,3
96712905,6
96712909,7
96712916,2
96712973,6
96713133,6
96713202,7
96713231,7
96713234,3
96713293,3
96713333,9
96713338,13
96713393,13
96713395,5
96714010,3
96714015,3
96714020,5
96714047,6
96714083,3
96714219,2
96714232,6
96714234,5
96714240,4
96714320,8
96714336,2
96714380,7
96714931,6
96714937,6
96715164,7
96715221,3
96715254,7
96715260,6
96715281,12
96715287,6
96715289,6
96715354,3
96715355,3
96715828,2
96715927,3
96715928,6
96715930,6
96715932,7
96715935,2
96715938,6
96715953,6
96715982,5
96715986,6
96715987,6
96715992,13
96715998,8
96716015,3
96716152,5
96716334,4
96716489,9
96716523,6
96716667,5
96716903,3
96716905,6
96716910,4
96716930,6
96716974,6
96716975,7
96717050,3
96717154,7
96717160,3
96717168,5
96717354,7
96717468,7
96717911,6
96717912,7
96717914,7
96717915,2
96717916,7
96717958,5
96717963,7
96718013,3
96718041,3
96718145,8
96718148,6
96718172,5
96718202,3
96718207,6
96718212,4
96718219,9
96718224,7
96718269,5
96718298,6
96718362,4
96718372,6
96718385,7
96718393,6
96718687,7
96718824,3
96718945,3
96718969,3
96719375,3
96719930,9
96719935,3
96719937,2
96719939,7
97374972,9
97374976,9
97500221,6
97500227,5
97500273,6
97500519,6
97500535,8
97500639,7
97500651,4
97500713,9
97500756,7
97500972,3
97503234,3
97503407,3
97503839,2
97503904,6
97504001,7
97504107,7
97504202,8
97504208,9
97504304,6
97504342,6
97504443,6
97504501,9
97504523,12
97504703,8
97504784,6
97506023,5
97506047,2
97506096,5
97506101,5
97506156,4
97506176,5
97506329,5
97506330,7
97506332,5
97506336,5
97506696,6
97506775,3
97506932,13
97506952,3
97506999,5
97507152,6
97507853,8
97508073,11
97508280,3
97508460,9
97508532,6
97508989,9
97540051,7
97543903,5
97546678,9
97546871,6
97548372,3
97570024,3
97570077,6
97570088,6
97570089,8
97570213,6
97570231,7
97570272,6
97570391,2
97570472,6
97570490,6
97570523,7
97570714,7
97570725,6
97570726,1
97570739,6
97570851,6
97570875,6
97570892,6
97570938,6
97570992,2
97571068,6
97571079,5
97571100,6
97571113,9
97571116,7
97571200,3
97571207,3
97571208,6
97571216,6
97571409,6
97571465,3
97571509,7
97571600,12
97571701,3
97571764,7
97571802,6
97571812,6
97571818,5
97571868,3
97571875,3
97571900,10
97571960,3
97572000,3
97572043,6
97572066,7
97572071,3
97572076,7
97572078,6
97572102,6
97572145,6
97572163,6
97572191,3
97572216,2
97572220,7
97572221,5
97572266,5
97572271,5
97572278,13
97572282,6
97572292,2
97572310,6
97572313,3
97572319,13
97572320,6
97572323,6
97572362,5
97572367,13
97572381,6
97572387,6
97572464,5
97572643,6
97572660,2
97572808,4
97572860,8
97572861,6
97572914,6
97572947,8
97572967,9
97572980,2
97573038,3
97573210,2
97573293,3
97573295,3
97573319,9
97573333,8
97573418,6
97573419,6
97573496,6
97573612,6
97573616,6
97573910,4
97573916,2
97573933,13
97573942,6
97573943,5
97573946,7
97573949,6
97573952,6
97573953,6
97573954,7
97573957,9
97574003,6
97574031,3
97574044,2
97574089,3
97574091,3
97574102,7
97574126,3
97574127,7
97574142,6
97574300,9
97574303,7
97574410,6
97574413,5
97574419,2
97574490,6
97574498,6
97574533,3
97574611,2
97574649,3
97574703,6
97574707,8
97574739,2
97574800,9
97574815,6
97574835,3
97574839,5
97575003,3
97575020,6
97575092,7
97575096,6
97575130,7
97575153,6
97575154,6
97575177,10
97575194,7
97575199,7
97575219,9
97575221,13
97575226,5
97575240,9
97575254,7
97575260,7
97575262,9
97575267,8
97575287,7
97575296,9
97575303,12
97575312,7
97575331,6
97575333,10
97575335,9
97575339,6
97575351,6
97575355,3
97575356,9
97575366,3
97575398,6
97575409,13
97575433,7
97575463,3
97575471,7
97575800,7
97575820,9
97575830,6
97575900,11
97575918,9
97575922,9
97575940,6
97575942,6
97575946,6
97575956,2
97575964,6
97575994,6
97575997,7
97576012,7
97576051,4
97576061,6
97576148,2
97576169,6
97576210,8
97576261,7
97576289,3
97576315,5
97576367,9
97576406,7
97576411,6
97576452,5
97576507,6
97576535,10
97576566,5
97576575,6
97576594,6
97576617,6
97576619,5
97576622,7
97576635,8
97576663,7
97576673,6
97576784,13
97576866,13
97576913,6
97576951,3
97577053,6
97577068,6
97577122,8
97577123,8
97577127,6
97577167,7
97577220,8
97577226,9
97577227,12
97577229,7
97577281,6
97577322,8
97577327,7
97577511,9
97577588,6
97577717,4
97577865,4
97577918,7
97577922,8
97577927,9
97577961,7
97578005,13
97578112,6
97578122,6
97578132,9
97578149,6
97578211,5
97578219,7
97578245,6
97578263,2
97578290,4
97578298,3
97578314,3
97578317,5
97578366,2
97578394,3
97578442,7
97578482,3
97578485,6
97578496,6
97578532,8
97578541,3
97578580,6
97578585,7
97578608,5
97578690,7
97578812,5
97578823,2
97578883,3
97578889,6
97578911,3
97578980,4
97579237,9
97579238,6
97579263,8
97579268,5
97579274,3
97579293,4
97579295,3
97579298,3
97579299,5
97579338,9
97579376,3
97579935,6
97579946,5
97579948,3
97579960,6
97579963,6
97579967,6
97579973,3
97579986,9
97579987,6
97579992,2
97579996,7
97590354,6
97606524,7
97608170,3
97608178,6
97608870,6
97608972,3
97614378,8
97614777,3
97614875,7
97619466,6
97619960,9
97619969,10
97646125,6
97646225,6
97676929,7
97676956,6
97678071,7
97678273,6
97678274,6
97678371,2
97678577,6
97678775,13
97710039,7
97710114,6
97710115,6
97710183,4
97710198,6
97710215,3
97710255,3
97710455,7
97710486,12
97710575,6
97710657,7
97710686,7
97711063,6
97711065,1
97711071,6
97711072,8
97712240,6
97712279,7
97712290,6
97712972,5
97712990,3
97712994,6
97712995,6
97712998,7
97712999,6
97713039,3
97713236,6
97713295,3
97713393,6
97713404,2
97713507,8
97713607,2
97713994,3
97714011,3
97714018,6
97714021,8
97714029,2
97714046,7
97714097,6
97714119,1
97714214,3
97714234,3
97714480,7
97714489,4
97714894,7
97714915,6
97714933,4
97714981,6
97714991,1
97715120,7
97715124,6
97715250,7
97715351,7
97715354,7
97715355,6
97715363,5
97715898,3
97715952,2
97715953,3
97715983,9
97715984,3
97715986,6
97715987,5
97715989,3
97716065,5
97716090,7
97716098,6
97716153,3
97716160,6
97716162,5
97716186,3
97716316,7
97716318,6
97716335,3
97716338,7
97716880,7
97716884,6
97716908,7
97716931,2
97716973,3
97716975,7
97716976,7
97716977,7
97717059,3
97717162,6
97717867,6
97717958,6
97717964,6
97718040,5
97718048,3
97718109,6
97718125,3
97718145,6
97718147,6
97718185,3
97718192,8
97718212,3
97718215,2
97718277,8
97718289,4
97718300,8
97718314,4
97718375,5
97718886,2
97718888,7
97718910,3
97718948,3
97718960,5
97718990,8
97718993,3
97719278,6
97719936,2
98316359,5
98316456,3
98500013,5
98500035,3
98500210,3
98500373,10
98500510,5
98500558,5
98500631,7
98500636,3
98500659,7
98500831,6
98500910,11
98500927,6
98500979,3
98500988,6
98503002,6
98503032,6
98503337,6
98504005,7
98504108,10
98504249,7
98504280,6
98504304,6
98504306,6
98504406,6
98504524,6
98504600,7
98504629,6
98504703,3
98504801,7
98504806,9
98504843,11
98506043,7
98506073,7
98506086,6
98506180,6
98506201,8
98506254,4
98506341,7
98506355,3
98506356,6
98506490,6
98506495,9
98506528,2
98506629,6
98506683,6
98506870,6
98506929,7
98506942,6
98506970,6
98506994,7
98506995,6
98507316,8
98508164,6
98508237,3
98508239,4
98508322,3
98508421,6
98508633,6
98508823,6
98508975,3
98540213,2
98540257,5
98540656,6
98544206,7
98546321,3
98570080,6
98570081,6
98570122,3
98570139,2
98570232,6
98570233,7
98570237,3
98570271,9
98570287,6
98570374,3
98570385,5
98570386,6
98570388,5
98570399,6
98570423,3
98570474,3
98570722,6
98570894,7
98570896,7
98570899,6
98570914,7
98570920,6
98570923,4
98571012,3
98571107,3
98571204,6
98571252,6
98571272,5
98571310,6
98571311,6
98571316,13
98571319,7
98571376,6
98571400,6
98571451,6
98571466,5
98571605,13
98571653,7
98571669,3
98571908,5
98571910,3
98571911,5
98571917,4
98571963,7
98571971,6
98572077,3
98572163,3
98572171,7
98572173,4
98572192,6
98572228,2
98572249,3
98572261,10
98572266,5
98572280,6
98572283,3
98572284,6
98572287,6
98572288,7
98572291,7
98572348,8
98572360,9
98572362,4
98572368,7
98572373,5
98572377,4
98572379,3
98572448,3
98572803,6
98572808,6
98572876,3
98572908,7
98572909,6
98572910,3
98572913,7
98572922,7
98572926,3
98572927,6
98572965,5
98572980,4
98572981,7
98572983,8
98572984,6
98572997,6
98572999,2
98573012,2
98573017,7
98573019,3
98573097,5
98573110,6
98573112,7
98573116,3
98573213,7
98573411,6
98573530,6
98573617,3
98573892,9
98573894,5
98573943,7
98573955,8
98573958,3
98573959,6
98574009,7
98574034,6
98574106,9
98574193,6
98574202,7
98574218,2
98574230,3
98574296,7
98574315,2
98574339,2
98574387,3
98574399,3
98574415,6
98574485,12
98574491,3
98574498,6
98574595,5
98574628,5
98574636,2
98574640,3
98574787,8
98574806,6
98574900,6
98574906,7
98574941,7
98575036,5
98575103,6
98575113,6
98575128,2
98575150,6
98575157,3
98575165,6
98575175,8
98575190,7
98575197,7
98575204,6
98575220,6
98575246,6
98575256,2
98575294,9
98575331,7
98575355,6
98575360,3
98575384,3
98575386,6
98575403,8
98575404,9
98575623,9
98575822,6
98575874,7
98575918,6
98575940,7
98575942,7
98575946,6
98575948,6
98575967,3
98575980,6
98575989,7
98576059,3
98576112,6
98576118,12
98576136,7
98576169,8
98576193,7
98576215,5
98576283,5
98576335,5
98576369,7
98576416,7
98576421,7
98576441,6
98576467,7
98576509,7
98576596,6
98576600,5
98576631,7
98576688,6
98576930,6
98576946,5
98576952,3
98576959,6
98576964,10
98577013,6
98577061,9
98577114,6
98577151,7
98577161,4
98577162,3
98577165,3
98577169,6
98577217,7
98577220,7
98577226,9
98577252,6
98577259,5
98577266,6
98577310,6
98577324,11
98577327,7
98577328,5
98577484,6
98577587,9
98577924,6
98577925,11
98577954,7
98578043,6
98578079,6
98578080,9
98578101,7
98578198,7
98578207,3
98578267,9
98578291,4
98578299,6
98578308,3
98578316,8
98578330,8
98578334,2
98578346,7
98578348,6
98578381,2
98578397,4
98578432,7
98578434,6
98578438,7
98578448,6
98578465,4
98578504,6
98578548,7
98578582,4
98578665,8
98578692,6
98578723,5
98578747,3
98578767,7
98578782,7
98578828,7
98578980,7
98578996,7
98579373,3
98579930,6
98579937,7
98579938,3
98579939,3
98579940,4
98579948,3
98579954,2
98579955,2
98579957,3
98579963,5
98579966,6
98579968,7
98579976,6
98579991,5
98579997,3
98579998,6
98606027,6
98606129,2
98606428,4
98606822,6
98606929,6
98608876,5
98619063,8
98619068,10
98619360,7
98619368,6
98619466,9
98619965,6
98619967,7
98636350,5
98646329,7
98676254,5
98676352,6
98676426,6
98676651,6
98676922,6
98710078,6
98710134,10
98710135,6
98710156,7
98710195,7
98710250,6
98710282,7
98710285,6
98710286,3
98710291,6
98710292,2
98710293,6
98710338,13
98710650,6
98710672,5
98710776,7
98710855,2
98710858,2
98710913,8
98710933,7
98710977,2
98710991,3
98711165,7
98711177,2
98712147,6
98712214,6
98712216,3
98712218,6
98712247,6
98712941,10
98712942,6
98712976,3
98713033,6
98713204,3
98713391,3
98713806,6
98714018,2
98714025,6
98714084,3
98714097,6
98714146,6
98714198,2
98714242,6
98714282,6
98714289,6
98714312,2
98714325,6
98714380,3
98714481,3
98714925,6
98714928,8
98714991,6
98715023,8
98715097,7
98715250,3
98715256,2
98715258,4
98715259,3
98715263,7
98715955,6
98715960,6
98715980,6
98715983,6
98715986,3
98715994,6
98716010,6
98716054,3
98716066,6
98716117,6
98716165,6
98716167,7
98716229,7
98716251,7
98716332,2
98716386,3
98716390,6
98716423,6
98716467,3
98716827,6
98716897,6
98716975,5
98716976,7
98716978,9
98717152,7
98717163,7
98717259,6
98717263,3
98717358,8
98717960,3
98718108,8
98718112,7
98718119,6
98718174,6
98718202,7
98718206,6
98718248,3
98718261,2
98718269,8
98718270,6
98718293,2
98718369,3
98718821,7
98718910,6
98718912,6
98718918,2
98718974,6
98718987,5
98718989,7
98718998,3
98719277,8
98719932,7
98719935,7
99316152,3
99374970,7
99374972,9
99500010,6
99500087,6
99500115,2
99500139,6
99500183,8
99500238,8
99500257,4
99500276,7
99500417,5
99500530,6
99500554,5
99500813,5
99500857,2
99503034,7
99503707,7
99503838,12
99504049,7
99504105,8
99504144,7
99504206,7
99504222,3
99504246,6
99504420,3
99504424,2
99504506,8
99504520,6
99504525,3
99504720,5
99504841,6
99504849,6
99504908,12
99504999,6
99506026,7
99506149,3
99506263,7
99506266,6
99506342,3
99506360,6
99506487,6
99506495,6
99506681,6
99506905,3
99506935,6
99506981,3
99507018,6
99507057,6
99507059,3
99507351,5
99507353,4
99507853,7
99507857,7
99507859,3
99507981,6
99508077,8
99508120,6
99508271,7
99508327,7
99508430,6
99508525,2
99508537,7
99508721,5
99508738,6
99508928,3
99540556,7
99540851,6
99540917,5
99543209,3
99543509,3
99543908,3
99544087,4
99544202,8
99544305,6
99544902,6
99546678,7
99570022,7
99570029,4
99570091,3
99570123,3
99570170,2
99570176,6
99570192,3
99570327,9
99570378,3
99570390,4
99570393,6
99570398,7
99570450,3
99570496,6
99570679,3
99570683,7
99570695,7
99570725,6
99570726,6
99570879,7
99570891,7
99570896,5
99570920,3
99570975,3
99570997,6
99571065,7
99571068,7
99571111,6
99571170,3
99571202,6
99571215,7
99571216,7
99571263,9
99571273,2
99571301,5
99571303,6
99571314,6
99571316,3
99571353,9
99571356,6
99571369,7
99571375,3
99571401,3
99571415,3
99571419,3
99571500,6
99571606,2
99571660,1
99571664,9
99571762,6
99571818,7
99571916,6
99571950,7
99572042,3
99572110,6
99572178,6
99572214,12
99572216,3
99572221,3
99572228,6
99572229,2
99572263,7
99572272,3
99572277,5
99572280,4
99572283,6
99572288,4
99572290,3
99572317,6
99572321,6
99572326,3
99572347,6
99572367,6
99572380,6
99572383,5
99572384,6
99572392,6
99572465,3
99572467,3
99572472,3
99572562,5
99572643,6
99572662,6
99572875,6
99572919,6
99572924,6
99572925,6
99572929,3
99572944,8
99572962,7
99572971,3
99572975,6
99572983,7
99572984,4
99572988,4
99572990,7
99573014,3
99573036,6
99573038,9
99573090,3
99573116,3
99573216,3
99573251,10
99573253,7
99573254,6
99573257,2
99573258,3
99573314,6
99573316,7
99573394,7
99573433,10
99573637,3
99573691,3
99573812,6
99573898,6
99573900,6
99573943,3
99573944,3
99573947,3
99573948,8
99573951,6
99573952,3
99573953,6
99573955,7
99573956,3
99573958,9
99573959,3
99573992,7
99573998,3
99573999,6
99574097,2
99574118,6
99574130,7
99574137,6
99574199,5
99574211,4
99574391,3
99574415,3
99574437,6
99574499,6
99574615,6
99574619,3
99574686,6
99574729,5
99574749,3
99574804,7
99574808,6
99574899,6
99574912,6
99574996,3
99575014,6
99575018,7
99575034,6
99575038,7
99575082,7
99575087,5
99575096,5
99575118,7
99575131,5
99575134,7
99575153,9
99575154,3
99575157,7
99575179,13
99575185,9
99575186,2
99575216,6
99575236,9
99575237,6
99575240,7
99575242,6
99575245,3
99575248,6
99575253,6
99575259,6
99575260,6
99575291,6
99575305,9
99575329,3
99575335,7
99575381,6
99575400,7
99575405,7
99575470,6
99575473,13
99575529,3
99575579,3
99575621,3
99575626,7
99575672,7
99575805,9
99575871,7
99575879,7
99575903,7
99575906,7
99575909,6
99575940,6
99575941,7
99575943,8
99575946,7
99575947,6
99575948,12
99575949,7
99575993,7
99576007,7
99576011,7
99576055,9
99576112,7
99576168,3
99576206,8
99576262,6
99576324,3
99576343,7
99576347,3
99576364,4
99576456,6
99576466,7
99576504,11
99576544,6
99576578,5
99576589,4
99576705,4
99576818,4
99576843,6
99576912,6
99576925,6
99576938,4
99576944,4
99576947,6
99576968,2
99576983,5
99577050,7
99577113,7
99577120,7
99577121,7
99577123,7
99577152,7
99577228,7
99577229,8
99577250,6
99577265,6
99577322,7
99577358,3
99577360,5
99577480,10
99577517,6
99577655,5
99577658,6
99577686,6
99577920,7
99577923,9
99577928,7
99577988,4
99578019,6
99578031,7
99578109,6
99578113,7
99578127,7
99578161,4
99578203,3
99578226,3
99578289,6
99578303,9
99578312,7
99578348,6
99578360,3
99578365,2
99578414,8
99578423,6
99578424,6
99578505,6
99578516,6
99578522,6
99578529,3
99578591,2
99578611,7
99578626,6
99578642,6
99578693,2
99578729,6
99578741,4
99578742,3
99578762,6
99578784,3
99578806,6
99578829,3
99578933,5
99578941,3
99578944,7
99579173,6
99579176,6
99579238,9
99579239,6
99579241,3
99579243,2
99579249,2
99579262,4
99579263,6
99579264,7
99579266,7
99579269,6
99579270,3
99579273,2
99579278,6
99579291,5
99579294,8
99579295,6
99579298,7
99579337,9
99579931,5
99579933,8
99579939,7
99579947,6
99579954,6
99579964,6
99579966,7
99579968,6
99579979,6
99579981,6
99579987,6
99579988,6
99579993,2
99579995,3
99579997,3
99579998,3
99590150,3
99590351,6
99606925,3
99608179,6
99608876,6
99614075,7
99614278,6
99614475,6
99614971,3
99619160,7
99619363,3
99619364,6
99619460,13
99619465,5
99619860,9
99619961,7
99619966,4
99636350,6
99646121,3
99676126,7
99676357,2
99676626,6
99676658,6
99676853,6
99678179,7
99678576,5
99678670,7
99678677,6
99678877,6
99678978,9
99710010,6
99710018,2
99710038,6
99710050,7
99710074,6
99710084,6
99710096,7
99710181,6
99710187,2
99710272,6
99710283,3
99710298,9
99710315,4
99710319,6
99710689,7
99710774,6
99710856,2
99710878,6
99710988,3
99711172,7
99711176,2
99711177,8
99711362,7
99712041,6
99712172,6
99712176,8
99712210,6
99712217,7
99712218,2
99712240,11
99712242,6
99712274,3
99712371,7
99712390,3
99712901,4
99712902,7
99712905,3
99712907,3
99713094,6
99713134,6
99713197,7
99713300,11
99713392,7
99713400,7
99713501,6
99713934,8
99713999,3
99714126,6
99714324,6
99714346,7
99714387,6
99714927,6
99714938,2
99714942,6
99714995,6
99715029,3
99715095,7
99715251,3
99715258,6
99715286,7
99715352,6
99715358,3
99715360,6
99715365,6
99715823,2
99715931,2
99715932,6
99715933,7
99715934,6
99715936,6
99715938,7
99715939,7
99715954,2
99715958,2
99715985,8
99716092,7
99716186,7
99716235,7
99716258,5
99716285,6
99716352,3
99716360,3
99716369,2
99716396,6
99716629,6
99716892,6
99716901,7
99716902,7
99716903,6
99716905,7
99716929,8
99716958,6
99716970,6
99716971,7
99716977,7
99716979,2
99717064,6
99717365,6
99717366,7
99717861,6
99717911,5
99717915,6
99717917,6
99717919,6
99718007,9
99718015,6
99718016,2
99718018,3
99718088,6
99718103,2
99718104,6
99718128,10
99718129,7
99718207,6
99718222,6
99718303,8
99718305,6
99718310,6
99718829,7
99718845,4
99718901,8
99718920,4
99718925,2
99718944,8
99719378,6
99719930,7
99719939,7
99719970,3
99719976,6
99719978,3
