AID,H3MN1
57100270,0
57101310,1
57103869,0
57104676,1
57109625,0
57111071,0
57111786,0
57113943,0
57117542,1
57117997,0
57118381,1
57118943,1
57120005,1
57120046,1
57120371,1
57121404,1
57121476,1
57123494,0
57127241,1
57129567,1
57131432,1
57131909,1
57133772,1
57134967,0
57134970,1
57135078,1
57136630,1
57138056,0
57139880,1
57141051,1
57141800,1
57141919,0
57145151,0
57146734,1
57153160,0
57154247,1
57154249,1
57154779,0
57157723,1
57159952,0
57160648,1
57164981,1
57165081,1
57166450,0
57166463,1
57167951,1
57177419,0
57177942,1
57178110,1
57178982,0
57179591,1
57186150,1
57186582,0
57191424,0
57191909,1
57192841,1
57193349,1
57196641,1
57199320,1
57199896,1
57200870,1
57201771,0
57203993,1
57210612,1
57211108,1
57211375,1
57212347,1
57212679,1
57213037,0
57213527,0
57214806,1
57214893,0
57217465,1
57217613,1
57218874,0
57220133,1
57220955,1
57228523,0
57230940,0
57231300,1
57231603,1
57232895,1
57233403,1
57234514,1
57235039,1
57239363,1
57239974,1
57241075,0
57242812,1
57242885,1
57244606,0
57245293,1
57245315,0
57245379,1
57248884,1
57249576,1
57251197,1
57253279,1
57256290,1
57260813,1
57262270,1
57263479,0
57263513,1
57265490,1
57272274,1
57275298,1
57275660,1
57277289,1
57277290,1
57279640,1
57279680,0
88122937,1
88149345,1
88191219,1
88191364,0
88202138,1
88249047,1
88251811,1
88268811,1
90316053,0
90316656,1
90500059,1
90500217,1
90500459,1
90500516,1
90500633,1
90500638,1
90500914,1
90500974,1
90501955,1
90503807,1
90504104,1
90504142,1
90504220,1
90504248,1
90504500,1
90504504,1
90504603,0
90506040,1
90506094,0
90506203,1
90506236,1
90506268,0
90506285,1
90506286,1
90506372,1
90506397,1
90506428,1
90506472,1
90506725,1
90506828,0
90506849,1
90506896,1
90507350,1
90507957,1
90508033,1
90508165,1
90508577,1
90543102,0
90543104,1
90544204,1
90546223,1
90548078,1
90570023,1
90570080,1
90570184,0
90570190,1
90570222,1
90570280,1
90570282,1
90570412,1
90570531,1
90570536,0
90570582,1
90570626,1
90570628,1
90570655,0
90570697,0
90570720,1
90570725,1
90570778,0
90570820,1
90570892,1
90570992,1
90571004,1
90571069,1
90571074,1
90571103,1
90571107,1
90571171,0
90571210,1
90571211,1
90571217,0
90571276,1
90571315,1
90571319,1
90571401,1
90571402,1
90571418,1
90571461,1
90571472,1
90571506,0
90571805,1
90571807,0
90571816,1
90571861,1
90571913,0
90571914,1
90572007,1
90572049,0
90572070,0
90572147,1
90572169,1
90572172,0
90572177,1
90572192,1
90572198,1
90572213,1
90572221,0
90572265,1
90572268,1
90572269,1
90572280,0
90572282,1
90572283,8
90572285,0
90572303,1
90572323,0
90572325,0
90572341,0
90572369,8
90572383,1
90572384,1
90572389,1
90572393,1
90572448,0
90572469,1
90572862,1
90572900,0
90572909,1
90572920,0
90572922,0
90572925,1
90572974,1
90572983,1
90572984,1
90572986,1
90572991,0
90572998,1
90573011,1
90573117,1
90573194,1
90573212,1
90573222,0
90573491,0
90573618,1
90573818,1
90573897,0
90573940,1
90573941,1
90573945,1
90573946,1
90573954,1
90573956,1
90573959,1
90573992,0
90574133,0
90574197,1
90574204,1
90574205,1
90574307,1
90574335,1
90574392,0
90574415,1
90574489,1
90574494,1
90574503,0
90574538,1
90574697,1
90574744,1
90574805,1
90574835,0
90574884,1
90574890,1
90574918,0
90574935,1
90574992,1
90575009,1
90575027,0
90575039,1
90575111,1
90575118,1
90575126,0
90575131,1
90575158,0
90575167,1
90575207,1
90575210,1
90575216,1
90575229,0
90575247,1
90575250,1
90575263,0
90575266,1
90575288,0
90575333,1
90575354,1
90575378,1
90575390,1
90575623,1
90575834,0
90575871,1
90575873,1
90575919,1
90575931,1
90575940,1
90575942,0
90575944,1
90575946,1
90575948,1
90575950,1
90575966,0
90575975,1
90575978,1
90575982,0
90575991,1
90575994,1
90576026,1
90576057,1
90576117,0
90576119,1
90576142,1
90576148,1
90576245,1
90576248,0
90576285,1
90576320,0
90576336,1
90576412,1
90576445,0
90576481,1
90576485,1
90576522,1
90576531,1
90576561,1
90576687,1
90576754,1
90576758,0
90576759,1
90576811,1
90576837,1
90576844,1
90576919,0
90576925,1
90576928,1
90576942,0
90576948,0
90576987,0
90577063,1
90577065,1
90577119,1
90577161,1
90577167,1
90577224,1
90577225,0
90577227,1
90577229,1
90577256,1
90577259,0
90577267,1
90577322,1
90577326,1
90577411,1
90577516,1
90577618,0
90577712,1
90577782,1
90577817,1
90577852,1
90577920,1
90577928,0
90577929,1
90577964,1
90578004,0
90578025,0
90578044,0
90578076,1
90578105,1
90578112,1
90578198,1
90578203,0
90578217,1
90578260,1
90578288,0
90578302,1
90578304,1
90578380,0
90578404,1
90578461,1
90578487,1
90578496,0
90578500,1
90578505,0
90578576,0
90578587,0
90578618,1
90578620,1
90578661,1
90578787,0
90578805,1
90578806,0
90578813,1
90578846,0
90578873,1
90578880,0
90578923,1
90578927,0
90578981,1
90578985,1
90578986,1
90578999,1
90579230,0
90579233,0
90579270,1
90579271,1
90579272,1
90579296,0
90579944,0
90579959,0
90579960,1
90579966,1
90579967,1
90579973,1
90579985,1
90579990,1
90579992,1
90579993,0
90606629,1
90606920,1
90608976,1
90614172,0
90614371,0
90614876,1
90614978,1
90619168,1
90619260,1
90619265,1
90619360,1
90619464,1
90619861,1
90619961,1
90636252,1
90646128,1
90676053,1
90676321,1
90676422,1
90676458,1
90676627,1
90676725,1
90676829,1
90676953,1
90678178,1
90678378,1
90678671,1
90710085,0
90710194,1
90710218,0
90710297,1
90710316,1
90710319,1
90710386,1
90710874,1
90710930,1
90710935,1
90711360,1
90712140,0
90712211,1
90712216,1
90712290,1
90712914,0
90712942,1
90712997,1
90713391,1
90713395,0
90713702,1
90713909,1
90713930,1
90713998,0
90714016,1
90714018,1
90714022,1
90714025,1
90714212,1
90714232,1
90714233,1
90714236,0
90714237,1
90714238,1
90714245,0
90714328,1
90714390,1
90714918,1
90714942,1
90715191,1
90715198,1
90715266,0
90715267,0
90715294,1
90715353,0
90715983,0
90715987,1
90715988,1
90715993,1
90716050,1
90716064,1
90716091,0
90716258,1
90716290,8
90716352,1
90716390,1
90716951,1
90716952,1
90716969,1
90716973,1
90716975,1
90716976,1
90716978,1
90716979,1
90716990,0
90716994,1
90717150,1
90717158,1
90717167,1
90717362,1
90718024,0
90718081,1
90718089,1
90718113,1
90718115,1
90718147,1
90718178,1
90718183,0
90718207,1
90718222,0
90718225,0
90718268,1
90718273,1
90718280,1
90718303,0
90718305,1
90718306,1
90718311,1
90718394,0
90718398,1
90718940,1
90718981,0
90718989,1
90719275,0
90719930,1
90719934,0
90719937,1
90719938,1
90719939,0
90719972,1
91316152,0
91374970,1
91374975,0
91374977,0
91500014,1
91500119,1
91500186,1
91500226,1
91500238,1
91500373,1
91500411,1
91500833,1
91500977,1
91501350,1
91504088,1
91504104,0
91504224,1
91504341,1
91504485,1
91504629,1
91504686,0
91504702,1
91504729,1
91504929,1
91506146,0
91506147,1
91506304,1
91506305,1
91506330,1
91506392,1
91506443,1
91506487,1
91506727,1
91506790,0
91506894,1
91506902,1
91506935,1
91506944,1
91506946,1
91506955,1
91506993,1
91507010,1
91507116,1
91507316,1
91507851,1
91508025,0
91508026,1
91508123,0
91508169,1
91508381,1
91508387,1
91508439,1
91508526,0
91508766,0
91508836,0
91508862,0
91508873,0
91508944,1
91508948,0
91540058,0
91540215,1
91540453,1
91540457,0
91543707,0
91544201,1
91544202,1
91544204,1
91544302,1
91546074,1
91546574,1
91570095,1
91570110,0
91570129,0
91570187,0
91570210,1
91570291,1
91570412,0
91570425,1
91570497,1
91570523,1
91570524,0
91570525,0
91570528,1
91570553,1
91570597,1
91570614,1
91570621,1
91570692,1
91570823,0
91570829,0
91570928,1
91570986,0
91570993,1
91570997,1
91571005,1
91571014,1
91571116,1
91571155,0
91571214,1
91571218,1
91571310,1
91571379,0
91571467,0
91571560,1
91571601,0
91571605,1
91571610,1
91571677,1
91571706,1
91571707,1
91571807,1
91571812,1
91571817,1
91571876,0
91572001,0
91572040,0
91572063,0
91572076,1
91572117,1
91572122,0
91572128,1
91572145,1
91572183,0
91572190,1
91572195,0
91572204,1
91572214,1
91572221,1
91572222,1
91572229,0
91572288,1
91572292,1
91572297,1
91572321,0
91572328,1
91572346,1
91572369,1
91572373,1
91572381,0
91572385,1
91572387,1
91572389,0
91572396,1
91572408,1
91572442,1
91572462,1
91572471,1
91572841,1
91572868,1
91572900,1
91572918,1
91572964,0
91572980,1
91572981,1
91572986,1
91572989,1
91572999,1
91573016,0
91573031,0
91573099,0
91573234,1
91573248,1
91573253,1
91573254,1
91573258,1
91573259,0
91573291,0
91573310,0
91573320,8
91573323,1
91573329,0
91573334,1
91573395,0
91573414,1
91573417,0
91573419,1
91573491,0
91573708,1
91573811,1
91573902,0
91573926,0
91573940,1
91573944,1
91573948,1
91573955,1
91573956,1
91573958,1
91574121,0
91574143,1
91574231,1
91574308,1
91574337,0
91574399,1
91574504,1
91574594,0
91574632,1
91574688,1
91574694,1
91574696,1
91574816,1
91574915,1
91574916,1
91574923,1
91575065,1
91575076,0
91575077,1
91575083,1
91575085,1
91575094,0
91575099,1
91575102,0
91575127,1
91575151,1
91575162,1
91575180,0
91575191,1
91575194,1
91575216,1
91575217,0
91575227,0
91575235,1
91575239,1
91575240,0
91575246,1
91575249,1
91575261,1
91575280,1
91575282,1
91575296,1
91575302,1
91575315,1
91575317,1
91575358,1
91575361,1
91575370,1
91575387,1
91575391,1
91575394,0
91575420,1
91575432,1
91575477,1
91575522,1
91575602,0
91575609,1
91575626,0
91575627,1
91575628,1
91575726,0
91575911,1
91575916,1
91575930,1
91575931,0
91575940,0
91575943,1
91575948,1
91575949,1
91575956,1
91575966,1
91575992,1
91576088,1
91576129,1
91576138,0
91576154,1
91576163,1
91576219,0
91576240,0
91576270,1
91576300,1
91576363,0
91576460,1
91576537,0
91576556,1
91576561,0
91576576,1
91576611,1
91576651,1
91576674,1
91576748,1
91576757,1
91576910,1
91576919,1
91576934,1
91577121,1
91577126,1
91577183,1
91577221,1
91577227,1
91577256,1
91577268,1
91577284,1
91577311,0
91577313,1
91577319,0
91577324,0
91577414,1
91577557,1
91577613,1
91577786,1
91577922,1
91577923,1
91577957,1
91578026,0
91578027,1
91578060,1
91578074,1
91578089,1
91578107,1
91578116,1
91578193,0
91578197,1
91578268,1
91578297,1
91578314,1
91578315,1
91578342,1
91578491,1
91578495,1
91578510,0
91578526,1
91578605,0
91578740,1
91578747,0
91578801,1
91578863,0
91578892,0
91578898,1
91578917,1
91578999,0
91579175,1
91579230,1
91579234,1
91579235,1
91579237,1
91579241,0
91579242,0
91579243,1
91579246,0
91579258,1
91579272,1
91579296,1
91579335,1
91579339,1
91579932,1
91579936,1
91579939,1
91579940,1
91579942,1
91579962,1
91579964,1
91579967,0
91579968,1
91579987,1
91579992,1
91579993,0
91579995,1
91579997,0
91608475,1
91608476,1
91614578,1
91614772,1
91614874,1
91614974,1
91614978,0
91619063,0
91619064,1
91619268,1
91619467,1
91619660,1
91619665,0
91619862,1
91646122,1
91676253,1
91676357,1
91676456,0
91676522,0
91676652,1
91676656,1
91676958,1
91678173,1
91678373,1
91678572,0
91678674,1
91710018,1
91710037,1
91710130,1
91710214,0
91710252,1
91710287,0
91710293,0
91710339,0
91710454,0
91710652,0
91710655,0
91710915,1
91710973,1
91710996,0
91710998,1
91711065,0
91711167,1
91711371,1
91711476,1
91711865,1
91712211,1
91712217,0
91712273,1
91712274,1
91712314,1
91712371,1
91712372,0
91712375,1
91712842,1
91712901,1
91712902,1
91712905,1
91712908,1
91712909,0
91712918,1
91712946,1
91713006,1
91713031,1
91713039,1
91713106,1
91713190,1
91713192,1
91713298,0
91713997,0
91713998,0
91714043,0
91714046,1
91714099,0
91714128,1
91714144,1
91714212,0
91714231,1
91714235,0
91714237,0
91714326,1
91714332,0
91714335,1
91714338,1
91714928,0
91714938,0
91714987,1
91715124,1
91715280,1
91715286,1
91715892,1
91715920,1
91715921,0
91715927,1
91715930,0
91715952,0
91715958,1
91715983,1
91715984,1
91715991,1
91716018,1
91716080,1
91716082,1
91716092,1
91716096,1
91716116,0
91716136,1
91716158,1
91716161,1
91716275,1
91716281,1
91716288,1
91716321,1
91716484,0
91716890,1
91716902,1
91716903,1
91716908,1
91716924,0
91716952,1
91716957,1
91717055,1
91717067,0
91717169,1
91717853,0
91717862,0
91717865,1
91717910,0
91717916,1
91717918,1
91718001,1
91718004,1
91718025,1
91718073,1
91718077,1
91718080,1
91718081,1
91718085,1
91718109,1
91718142,1
91718174,1
91718195,1
91718287,1
91718294,1
91718302,1
91718320,1
91718361,0
91718368,1
91718379,1
91718844,1
91718886,1
91718916,1
91718949,0
91718960,1
91718969,1
91719273,0
91719375,0
91719930,0
91719932,1
91719934,1
91719936,0
91719937,1
92316359,0
92316856,1
92374975,1
92374978,1
92374979,0
92500081,1
92500086,1
92500119,1
92500175,1
92500184,1
92500219,1
92500386,1
92500618,0
92500914,1
92500970,1
92501253,1
92503208,0
92504085,1
92504100,1
92504229,1
92504284,1
92504321,1
92504421,1
92504722,1
92504827,1
92504901,1
92506022,0
92506287,1
92506687,1
92506844,1
92506942,1
92506951,1
92506966,1
92506993,1
92506995,0
92507858,0
92507952,1
92507983,1
92508164,1
92508223,0
92508530,1
92508625,1
92508726,1
92508934,1
92540117,0
92540351,1
92540559,1
92540654,1
92543208,1
92544906,0
92546073,1
92546995,1
92570084,1
92570188,1
92570236,0
92570284,0
92570396,1
92570411,0
92570629,1
92570676,1
92570678,1
92570698,0
92570722,1
92570975,1
92570978,1
92571001,1
92571017,1
92571019,1
92571052,0
92571208,1
92571270,1
92571271,1
92571311,1
92571476,1
92571664,1
92571801,0
92571867,1
92572061,1
92572101,0
92572104,0
92572106,1
92572108,1
92572119,1
92572162,0
92572168,1
92572169,1
92572203,1
92572209,1
92572217,1
92572219,0
92572223,1
92572226,1
92572260,1
92572267,0
92572283,1
92572290,1
92572292,1
92572298,1
92572300,1
92572314,1
92572317,1
92572321,0
92572323,0
92572324,1
92572345,0
92572348,1
92572382,0
92572383,1
92572390,1
92572397,1
92572408,1
92572444,0
92572468,1
92572648,0
92572665,1
92572669,1
92572802,1
92572803,1
92572842,1
92572864,1
92572906,1
92572916,1
92572918,0
92572919,1
92572924,0
92572963,1
92572983,1
92572986,1
92572989,1
92573010,1
92573096,1
92573118,1
92573136,1
92573232,1
92573311,0
92573316,1
92573497,1
92573531,1
92573690,0
92573691,1
92573697,1
92573816,1
92573818,1
92573831,1
92573916,1
92573917,1
92573942,0
92573943,0
92573945,1
92573946,1
92573958,0
92573959,1
92574010,1
92574018,1
92574200,1
92574302,1
92574314,1
92574614,1
92574633,0
92574701,1
92574703,1
92574739,1
92574794,1
92574808,1
92574810,1
92575023,0
92575033,1
92575095,1
92575121,1
92575180,1
92575201,1
92575213,1
92575217,1
92575222,1
92575231,1
92575237,1
92575240,1
92575244,1
92575246,1
92575248,1
92575249,1
92575263,1
92575292,1
92575297,0
92575324,1
92575326,1
92575351,1
92575373,1
92575381,1
92575400,1
92575407,1
92575421,1
92575434,1
92575526,0
92575771,1
92575807,1
92575868,0
92575900,1
92575935,1
92575941,1
92575944,1
92575951,1
92575959,0
92575971,1
92575974,1
92575990,1
92575995,1
92575999,1
92576033,1
92576037,1
92576040,1
92576182,1
92576248,1
92576288,0
92576312,1
92576328,1
92576472,1
92576493,1
92576499,1
92576504,1
92576516,0
92576531,1
92576533,1
92576555,1
92576556,1
92576606,1
92576611,1
92576693,1
92576694,1
92576937,1
92576950,1
92576984,1
92577013,1
92577065,1
92577112,1
92577127,1
92577129,1
92577161,1
92577217,1
92577326,1
92577368,1
92577514,1
92577581,1
92577787,0
92577864,1
92577917,1
92577918,1
92577920,1
92577927,1
92577929,1
92577982,0
92578034,0
92578067,1
92578161,1
92578280,1
92578283,1
92578310,1
92578411,1
92578428,1
92578515,1
92578517,1
92578562,1
92578580,0
92578615,1
92578684,1
92578722,1
92578783,1
92578846,1
92578860,1
92578899,1
92578907,1
92578930,1
92578935,1
92578969,0
92578995,1
92579171,1
92579175,1
92579179,1
92579232,1
92579235,1
92579238,0
92579261,1
92579267,1
92579268,0
92579291,1
92579292,1
92579297,0
92579335,1
92579376,0
92579934,0
92579935,1
92579937,1
92579942,1
92579943,0
92579949,1
92579960,0
92579962,1
92579963,0
92579965,1
92579968,0
92579970,1
92579979,1
92579982,1
92579984,1
92579985,1
92579987,1
92579991,1
92579992,1
92579993,1
92579994,1
92579996,1
92579998,1
92606325,1
92608078,1
92608972,1
92614170,1
92614372,1
92614975,1
92619165,1
92619168,1
92619265,1
92619366,1
92619368,1
92619869,1
92624977,0
92676153,0
92676351,1
92676356,0
92676421,1
92676556,1
92678179,0
92678476,1
92710091,1
92710098,1
92710111,1
92710191,1
92710199,0
92710210,1
92710291,1
92710357,0
92710398,1
92710581,1
92710916,0
92710936,1
92710999,1
92711067,1
92711974,1
92712044,1
92712148,1
92712217,1
92712242,1
92712276,1
92712346,1
92712374,1
92712391,0
92712919,1
92712993,0
92712996,1
92712998,1
92713132,1
92713191,1
92713198,0
92713293,1
92713391,1
92713399,1
92713701,0
92713936,1
92714112,1
92714124,0
92714199,1
92714330,1
92714687,0
92714880,1
92714895,1
92714917,1
92714927,1
92714932,0
92714942,1
92715121,0
92715259,1
92715321,1
92715357,0
92715399,1
92715896,0
92715931,0
92715935,1
92715936,0
92715953,1
92715956,1
92715980,1
92715984,1
92715998,0
92716167,1
92716288,1
92716313,1
92716332,0
92716333,1
92716353,1
92716360,1
92716390,1
92716883,1
92716897,1
92716901,0
92716902,1
92716903,1
92716909,1
92716936,1
92716971,1
92716976,1
92716985,1
92717166,1
92717265,1
92717368,1
92717862,1
92717866,0
92717911,1
92717912,0
92717915,1
92717916,1
92717917,1
92717918,1
92718027,1
92718100,1
92718115,1
92718126,1
92718190,1
92718265,0
92718269,0
92718307,1
92718324,1
92718344,1
92718370,1
92718374,1
92718390,1
92718922,1
92718925,1
92718978,1
92719277,1
92719934,1
92719936,0
92719971,1
92719975,0
92719979,1
93316052,1
93316251,1
93316956,0
93374973,0
93374975,1
93374978,1
93500378,1
93500385,1
93500514,0
93500517,0
93500815,1
93500915,1
93500972,1
93500977,1
93503030,1
93503136,1
93503201,1
93503507,1
93504001,1
93504281,0
93504404,0
93504600,1
93504605,1
93504823,1
93504990,1
93506053,0
93506129,1
93506147,1
93506150,1
93506226,1
93506242,1
93506265,1
93506273,1
93506290,1
93506340,1
93506345,1
93506487,1
93506573,1
93506722,1
93506930,1
93507256,1
93507312,1
93508287,1
93508463,1
93508623,1
93508767,0
93508961,1
93540151,1
93540315,1
93540958,0
93544206,1
93544901,1
93544923,1
93546224,0
93546993,1
93548877,1
93570097,1
93570194,1
93570223,1
93570226,1
93570292,1
93570295,1
93570335,1
93570384,1
93570396,1
93570426,1
93570432,1
93570513,0
93570521,1
93570581,0
93570695,1
93570696,1
93570721,1
93570787,1
93570929,1
93570939,0
93571010,1
93571016,1
93571060,1
93571066,1
93571114,1
93571153,1
93571205,1
93571216,1
93571301,0
93571452,1
93571469,1
93571474,8
93571475,1
93571506,1
93571707,0
93571769,1
93571806,1
93571857,1
93571862,1
93571911,1
93572076,0
93572102,1
93572118,0
93572140,1
93572164,1
93572169,0
93572199,1
93572200,1
93572225,1
93572227,1
93572276,1
93572283,1
93572284,0
93572287,1
93572290,1
93572322,1
93572342,1
93572346,0
93572365,1
93572369,0
93572371,1
93572376,1
93572383,1
93572388,1
93572389,1
93572390,1
93572391,1
93572393,1
93572443,1
93572448,0
93572462,1
93572668,1
93572802,1
93572804,1
93572808,1
93572910,1
93572941,1
93572948,0
93572971,1
93572975,0
93572977,0
93572988,1
93572993,1
93573039,1
93573115,1
93573118,1
93573190,1
93573223,0
93573496,1
93573618,1
93573631,1
93573639,1
93573694,1
93573699,1
93573916,1
93573940,1
93573942,0
93573945,1
93573949,1
93573950,1
93573951,1
93573959,1
93573994,1
93574023,1
93574109,1
93574203,1
93574247,1
93574300,1
93574305,1
93574336,0
93574426,1
93574434,1
93574504,1
93574520,1
93574605,1
93574632,0
93574688,0
93574791,1
93574818,1
93574885,1
93574894,1
93574917,0
93574932,0
93575016,1
93575021,1
93575027,1
93575076,1
93575084,1
93575117,1
93575122,1
93575124,1
93575132,0
93575154,0
93575158,0
93575181,1
93575184,1
93575232,1
93575233,1
93575244,1
93575248,1
93575249,1
93575275,1
93575287,1
93575290,1
93575309,1
93575329,1
93575336,0
93575354,0
93575384,1
93575385,1
93575389,1
93575392,1
93575395,1
93575398,1
93575400,1
93575403,1
93575407,1
93575425,1
93575621,1
93575624,0
93575625,1
93575804,1
93575809,1
93575820,1
93575835,1
93575908,1
93575910,0
93575924,0
93575946,1
93575948,1
93575964,1
93575980,1
93575983,1
93575998,0
93576009,1
93576037,1
93576040,1
93576196,1
93576206,0
93576251,0
93576265,1
93576343,0
93576458,1
93576488,0
93576493,1
93576534,1
93576538,1
93576563,1
93576574,1
93576638,1
93576682,1
93576741,1
93576794,1
93576803,1
93576840,1
93576898,1
93576924,0
93577057,1
93577121,0
93577123,1
93577126,1
93577151,1
93577157,0
93577184,1
93577225,1
93577262,1
93577320,1
93577321,1
93577328,0
93577658,0
93577680,1
93577922,1
93577953,1
93578019,1
93578025,1
93578040,1
93578082,1
93578101,1
93578116,1
93578142,1
93578168,1
93578170,1
93578217,1
93578231,1
93578249,1
93578290,1
93578309,0
93578314,1
93578315,1
93578347,1
93578380,1
93578413,1
93578435,1
93578443,1
93578447,1
93578486,0
93578493,1
93578500,1
93578507,0
93578536,1
93578537,1
93578548,1
93578609,1
93578685,1
93578693,1
93578735,1
93578741,1
93578861,0
93578897,1
93578937,1
93578961,0
93579233,1
93579234,1
93579239,1
93579260,1
93579266,1
93579267,1
93579273,1
93579278,1
93579292,1
93579293,0
93579298,1
93579331,1
93579333,0
93579336,0
93579339,1
93579379,1
93579934,1
93579938,1
93579945,1
93579948,1
93579949,1
93579958,1
93579959,0
93579961,1
93579963,1
93579966,0
93579977,1
93579982,1
93579984,1
93579988,1
93579993,1
93579994,1
93579995,1
93579999,1
93593001,1
93606129,1
93606726,1
93606824,0
93608178,0
93614072,0
93614271,1
93614277,1
93614974,1
93614977,0
93619060,1
93619164,1
93619267,1
93619360,1
93619361,1
93619466,0
93619861,1
93619869,1
93624272,1
93624972,1
93636258,1
93676125,1
93676351,1
93676527,1
93676754,0
93678272,1
93678674,1
93678779,1
93710031,1
93710092,1
93710179,0
93710182,1
93710217,0
93710235,1
93710318,1
93710319,0
93710356,0
93710397,1
93710450,1
93710473,1
93710489,1
93710587,1
93710876,1
93710913,1
93710914,1
93711070,1
93711378,0
93711876,1
93711961,0
93712210,0
93712270,1
93712272,0
93712292,1
93712295,0
93712347,0
93712399,0
93712910,1
93713033,0
93713294,1
93713335,1
93713409,0
93713602,0
93714010,0
93714017,0
93714021,1
93714082,1
93714087,1
93714092,1
93714111,1
93714126,1
93714190,1
93714234,0
93714236,0
93714292,1
93714387,0
93714398,1
93714890,1
93714896,1
93714914,8
93714941,1
93714984,1
93715253,0
93715257,1
93715269,1
93715362,1
93715394,1
93715890,1
93715922,1
93715932,1
93715933,1
93715935,0
93715937,1
93715953,1
93715982,1
93715989,1
93715990,1
93716058,1
93716092,1
93716093,0
93716159,1
93716196,0
93716198,0
93716260,1
93716333,0
93716352,1
93716393,0
93716424,1
93716669,1
93716905,1
93716911,1
93716915,1
93716921,0
93716927,1
93716970,0
93716975,1
93716976,1
93716993,1
93717060,1
93717156,1
93717162,1
93717257,1
93717265,1
93717464,1
93717868,0
93717869,1
93717956,1
93717958,1
93717967,1
93718017,0
93718046,1
93718100,0
93718123,1
93718129,1
93718173,0
93718192,0
93718206,1
93718273,1
93718280,1
93718312,1
93718316,1
93718326,1
93718368,0
93718377,1
93718397,1
93718821,1
93718943,1
93718944,1
93719930,0
93719938,1
93719971,1
93719972,1
94316255,1
94500172,1
94500212,1
94500284,1
94500619,1
94500874,1
94500877,1
94500878,1
94500925,1
94501957,1
94503030,1
94503036,1
94503334,1
94503834,1
94503902,1
94503909,1
94504082,1
94504188,0
94504223,1
94504325,1
94504408,1
94504708,1
94504728,1
94504828,1
94504991,0
94504994,0
94506049,0
94506051,1
94506190,1
94506247,1
94506254,1
94506271,0
94506321,1
94506340,0
94506342,1
94506376,1
94506686,1
94506933,1
94506999,1
94507152,1
94507214,0
94508068,0
94508165,1
94508237,1
94508423,1
94508567,1
94508662,1
94508679,1
94508733,1
94508929,0
94540213,0
94540311,1
94543807,0
94543907,1
94544200,1
94544304,0
94546874,1
94548379,1
94548977,1
94570029,0
94570078,1
94570083,1
94570097,0
94570151,0
94570199,1
94570220,1
94570320,1
94570384,1
94570476,1
94570479,1
94570493,1
94570526,1
94570527,1
94570620,1
94570694,1
94570696,1
94570699,1
94570833,1
94570851,1
94570914,1
94570920,1
94570921,1
94571009,1
94571010,1
94571015,1
94571074,0
94571100,1
94571160,1
94571176,1
94571279,0
94571310,1
94571364,1
94571367,1
94571403,0
94571405,1
94571407,1
94571468,0
94571501,1
94571502,1
94571506,1
94571751,1
94571818,1
94571870,1
94571903,1
94571906,1
94571910,1
94571971,0
94572040,1
94572046,0
94572066,1
94572104,1
94572160,0
94572194,1
94572206,1
94572208,1
94572216,1
94572220,1
94572227,0
94572263,1
94572285,1
94572288,0
94572308,1
94572312,1
94572318,1
94572325,1
94572326,1
94572343,0
94572377,1
94572380,1
94572385,1
94572396,0
94572560,1
94572567,1
94572661,1
94572667,1
94572878,0
94572912,0
94572918,1
94572923,1
94572929,0
94572944,1
94572977,0
94572981,1
94572984,1
94572988,0
94572989,1
94573092,1
94573223,0
94573232,1
94573325,0
94573418,1
94573439,1
94573497,0
94573690,0
94573691,0
94573693,0
94573699,0
94573941,1
94573944,1
94573949,1
94573951,0
94573955,1
94573957,1
94574031,1
94574105,1
94574112,1
94574118,1
94574119,1
94574128,1
94574135,0
94574140,1
94574235,0
94574237,0
94574241,1
94574281,1
94574310,1
94574388,1
94574412,1
94574414,1
94574430,0
94574494,0
94574536,0
94574729,1
94574743,1
94574748,1
94574802,1
94574815,1
94574830,1
94575006,1
94575026,1
94575029,1
94575061,1
94575068,1
94575076,0
94575116,1
94575130,1
94575133,1
94575152,1
94575172,1
94575194,1
94575195,1
94575211,1
94575218,0
94575228,1
94575231,0
94575247,1
94575261,1
94575263,1
94575278,1
94575308,1
94575320,0
94575333,1
94575367,0
94575387,1
94575393,1
94575425,1
94575463,1
94575471,0
94575522,0
94575622,1
94575805,0
94575838,1
94575868,1
94575872,1
94575876,1
94575907,1
94575920,0
94575940,1
94575941,1
94575943,1
94575945,1
94575948,1
94575955,0
94575966,1
94575985,1
94575991,0
94576007,1
94576024,0
94576105,1
94576154,1
94576216,1
94576232,1
94576254,0
94576263,0
94576281,1
94576285,1
94576292,1
94576344,1
94576352,1
94576357,1
94576395,1
94576411,0
94576432,1
94576537,1
94576615,0
94576631,1
94576646,1
94576659,1
94576661,1
94576685,1
94576706,1
94576844,1
94576943,0
94576985,1
94576986,1
94577061,1
94577082,1
94577084,1
94577123,0
94577128,0
94577181,1
94577222,1
94577226,1
94577229,0
94577264,0
94577361,1
94577452,1
94577480,1
94577781,1
94577921,1
94577923,1
94577924,1
94577981,1
94578088,1
94578096,1
94578101,1
94578110,1
94578117,1
94578127,1
94578142,1
94578149,1
94578194,1
94578218,1
94578383,1
94578410,1
94578421,0
94578490,1
94578527,0
94578587,1
94578643,1
94578780,1
94578804,1
94578874,1
94578881,1
94578890,1
94578891,1
94578899,1
94578910,0
94578921,1
94578943,1
94578966,0
94578984,1
94579174,0
94579176,1
94579179,1
94579231,1
94579232,1
94579262,1
94579290,1
94579291,1
94579292,0
94579294,1
94579295,1
94579296,1
94579375,0
94579941,1
94579944,1
94579945,0
94579946,1
94579962,1
94579997,1
94579998,0
94590253,1
94590955,0
94593905,0
94614472,1
94614679,1
94614976,0
94619063,1
94619167,1
94619262,1
94619266,1
94619369,1
94619466,1
94619467,1
94619469,1
94619867,0
94619869,0
94619963,1
94619964,1
94636354,1
94676322,1
94676422,1
94676623,0
94676728,0
94676929,1
94678273,1
94678379,1
94710033,1
94710139,1
94710238,1
94710239,1
94710376,0
94710389,1
94710390,1
94710392,0
94710450,1
94710871,1
94710883,1
94710937,0
94710974,1
94710989,1
94710994,1
94710998,1
94710999,1
94711176,1
94711177,1
94711266,1
94711862,0
94711973,1
94711974,0
94712047,0
94712211,0
94712218,0
94712341,1
94712396,1
94712917,1
94712942,1
94712975,0
94712990,1
94712991,1
94712998,0
94713301,1
94713603,1
94713936,1
94714020,1
94714022,0
94714085,1
94714088,0
94714117,1
94714180,1
94714231,1
94714237,0
94714242,1
94714244,1
94714245,1
94714310,0
94714394,1
94714398,0
94714681,0
94714934,1
94714990,1
94715025,1
94715123,1
94715254,1
94715257,1
94715393,1
94715922,1
94715954,1
94715955,1
94715980,1
94715981,1
94715982,1
94715987,1
94715994,1
94716011,1
94716068,0
94716095,1
94716153,1
94716192,0
94716217,1
94716257,0
94716265,1
94716281,1
94716290,1
94716293,1
94716315,1
94716358,1
94716627,1
94716663,1
94716893,0
94716975,0
94716976,0
94716987,1
94717262,0
94717461,1
94718027,0
94718105,1
94718125,1
94718180,1
94718194,0
94718211,1
94718249,1
94718273,1
94718277,1
94718284,1
94718329,1
94718342,0
94718393,0
94718485,1
94718687,1
94718888,1
94718944,1
94718971,1
94718987,1
94718998,0
94719270,1
94719279,0
94719932,1
94719933,1
94719934,1
94719935,0
94719936,1
94719978,1
95316359,1
95316851,1
95374971,1
95374972,1
95374973,1
95374975,1
95500036,1
95500235,0
95500280,0
95500332,1
95500377,0
95500710,0
95500815,0
95500839,1
95501960,0
95504188,1
95504481,1
95504484,1
95504487,1
95504608,1
95504620,0
95504707,1
95504709,1
95504902,1
95504947,1
95506022,1
95506098,1
95506124,1
95506154,0
95506174,1
95506181,1
95506202,1
95506230,1
95506309,1
95506395,1
95506426,1
95506482,1
95506680,1
95506684,0
95506926,1
95507059,0
95507158,0
95507311,1
95507914,1
95508034,1
95508271,1
95508323,1
95508339,0
95508931,1
95508984,1
95540910,1
95543606,0
95544983,1
95544985,1
95548074,1
95548969,0
95570097,0
95570121,1
95570123,1
95570184,1
95570294,0
95570299,1
95570326,0
95570353,1
95570376,1
95570450,0
95570588,1
95570621,1
95570692,1
95570852,1
95571018,1
95571100,0
95571112,1
95571160,0
95571204,1
95571306,1
95571316,1
95571319,1
95571601,1
95571657,0
95571669,1
95571674,0
95571679,1
95571708,0
95571819,1
95571877,1
95571913,1
95572073,1
95572078,0
95572102,1
95572107,1
95572108,1
95572111,1
95572115,1
95572206,1
95572224,1
95572227,1
95572285,0
95572289,1
95572291,1
95572306,1
95572316,1
95572318,0
95572329,1
95572376,1
95572386,1
95572398,1
95572402,1
95572405,1
95572443,1
95572804,1
95572847,1
95572872,1
95572876,1
95572903,1
95572917,0
95572921,1
95572925,1
95572927,1
95572981,1
95572982,1
95572984,1
95572985,1
95573031,0
95573193,0
95573219,1
95573230,1
95573233,1
95573293,1
95573294,1
95573333,1
95573407,0
95573412,1
95573415,1
95573618,1
95573921,0
95573939,1
95573949,1
95573950,1
95573951,1
95573954,1
95573956,1
95573957,1
95573958,1
95573994,1
95574031,0
95574234,0
95574295,0
95574333,0
95574408,1
95574415,1
95574502,1
95574503,1
95574529,1
95574591,1
95574604,1
95574608,1
95574615,1
95574617,1
95574638,0
95574733,1
95574745,1
95574790,1
95574804,1
95574839,0
95574937,0
95574944,1
95574998,0
95575014,0
95575018,1
95575026,1
95575029,0
95575031,1
95575062,1
95575073,1
95575081,1
95575100,1
95575122,0
95575134,0
95575153,1
95575166,1
95575181,0
95575203,1
95575206,1
95575211,1
95575222,1
95575241,1
95575243,0
95575244,0
95575255,1
95575259,1
95575294,1
95575309,1
95575313,1
95575319,0
95575322,1
95575329,1
95575331,1
95575337,1
95575351,1
95575357,1
95575377,1
95575379,1
95575386,1
95575404,1
95575426,1
95575461,1
95575462,1
95575621,1
95575628,0
95575678,1
95575805,1
95575825,0
95575860,1
95575940,1
95575941,1
95575945,1
95575946,1
95575982,0
95575985,1
95576034,1
95576037,1
95576039,0
95576041,1
95576052,1
95576064,1
95576091,0
95576114,0
95576115,1
95576158,1
95576236,1
95576262,1
95576307,1
95576323,1
95576363,1
95576414,1
95576435,1
95576447,0
95576471,1
95576482,1
95576519,8
95576759,0
95576763,1
95576814,0
95576815,1
95576817,1
95576841,0
95576852,1
95576898,0
95576904,0
95577054,1
95577061,1
95577129,1
95577224,1
95577227,1
95577228,1
95577267,1
95577321,1
95577363,1
95577783,1
95577862,1
95577884,1
95577923,1
95577926,1
95577928,1
95578006,0
95578046,1
95578083,1
95578106,0
95578109,1
95578113,1
95578126,1
95578148,0
95578195,0
95578196,1
95578206,0
95578218,0
95578234,1
95578307,0
95578380,0
95578413,1
95578486,1
95578614,1
95578642,1
95578685,1
95578687,0
95578741,1
95578818,1
95578886,1
95578894,1
95578911,0
95578939,1
95578948,0
95578963,0
95578995,0
95579175,1
95579178,1
95579232,0
95579234,1
95579237,1
95579245,1
95579263,1
95579266,0
95579269,1
95579276,0
95579293,0
95579332,1
95579379,1
95579931,0
95579936,1
95579937,1
95579941,1
95579943,1
95579944,1
95579947,1
95579960,1
95579962,1
95579978,0
95579982,1
95579986,0
95579989,1
95579994,0
95593009,0
95593101,0
95593202,1
95593302,1
95593907,0
95614178,1
95619165,1
95619167,0
95619465,1
95619962,1
95624976,0
95646127,1
95676153,0
95676729,1
95676822,1
95678073,1
95678077,1
95678275,1
95710081,1
95710117,1
95710158,0
95710214,0
95710236,1
95710254,1
95710285,0
95710480,1
95710552,1
95710589,0
95710977,0
95710984,1
95711267,0
95711366,1
95711369,1
95711964,1
95711978,0
95712176,0
95712290,0
95712297,1
95712312,1
95712317,1
95712342,1
95712398,1
95712913,1
95712917,0
95712945,1
95712992,0
95713308,0
95713335,1
95713806,0
95714010,1
95714020,0
95714098,1
95714226,1
95714230,1
95714281,1
95714322,1
95714334,0
95714483,1
95714841,1
95714886,1
95714890,1
95714891,0
95714924,1
95715028,1
95715097,1
95715229,0
95715323,1
95715327,1
95715358,1
95715359,1
95715368,1
95715393,0
95715395,1
95715924,1
95715935,1
95715937,1
95715952,1
95715983,0
95715986,1
95715988,0
95716028,1
95716087,1
95716098,1
95716099,1
95716130,1
95716150,1
95716191,1
95716211,1
95716214,1
95716234,1
95716238,1
95716292,0
95716339,1
95716862,1
95716882,1
95716891,1
95716901,1
95716903,1
95716904,1
95716906,1
95716932,1
95716970,0
95716973,1
95716975,1
95716976,1
95717168,1
95717268,1
95717362,1
95717364,1
95717368,0
95717469,1
95717861,1
95717914,1
95717916,1
95717919,1
95717951,0
95717957,1
95718107,1
95718187,1
95718215,0
95718216,1
95718296,0
95718313,1
95718387,1
95718482,1
95718486,0
95718684,1
95718886,1
95718900,0
95718908,1
95718918,1
95718925,1
95718926,1
95718971,1
95719270,1
95719279,1
95719930,1
95719932,1
95719935,1
95719936,0
95719937,1
95719973,1
95719975,1
95719977,1
96316056,1
96316155,1
96316353,1
96316453,1
96374972,1
96374974,0
96374975,0
96374976,1
96374977,0
96500056,1
96500070,1
96500182,1
96500221,0
96500257,0
96500282,1
96500381,0
96500655,1
96500658,1
96500815,1
96500870,0
96500920,1
96500981,1
96501251,1
96501966,1
96503202,0
96503800,1
96503834,1
96504102,1
96504204,1
96504296,0
96504341,1
96504509,0
96504821,1
96506041,0
96506057,1
96506097,1
96506122,0
96506158,1
96506274,1
96506282,1
96506342,0
96506354,1
96506359,1
96506449,1
96506692,1
96506722,0
96506790,1
96506929,1
96506942,1
96506967,1
96507057,1
96508069,0
96508135,0
96508285,0
96508532,1
96508834,1
96508876,0
96508947,1
96508974,1
96540219,0
96544206,0
96544208,0
96544308,1
96546779,1
96548261,0
96570059,0
96570072,1
96570085,1
96570129,1
96570188,1
96570213,1
96570285,0
96570416,0
96570418,1
96570488,0
96570490,0
96570520,0
96570525,1
96570596,1
96570612,0
96570735,1
96570819,0
96570870,1
96570875,1
96570891,1
96571008,1
96571013,1
96571113,1
96571117,1
96571169,1
96571211,1
96571214,1
96571272,1
96571311,1
96571373,1
96571400,1
96571509,1
96571565,1
96571605,1
96571675,1
96571709,1
96571818,8
96571819,1
96571859,1
96571874,1
96571911,1
96572003,1
96572063,1
96572112,1
96572166,1
96572177,0
96572191,1
96572196,1
96572197,1
96572201,1
96572221,1
96572224,1
96572225,0
96572227,1
96572260,0
96572283,1
96572286,1
96572289,1
96572295,1
96572298,1
96572318,1
96572319,1
96572324,0
96572364,1
96572365,0
96572382,1
96572386,1
96572387,1
96572388,1
96572441,0
96572463,1
96572472,1
96572477,1
96572565,1
96572648,0
96572664,1
96572870,1
96572874,1
96572906,0
96572909,0
96572912,1
96572915,0
96572916,0
96572923,1
96572972,0
96572976,0
96572982,1
96572985,1
96572995,1
96573010,1
96573011,1
96573014,0
96573108,1
96573219,1
96573250,1
96573253,1
96573257,1
96573291,1
96573390,0
96573416,1
96573436,0
96573617,0
96573699,1
96573838,1
96573891,0
96573929,1
96573941,1
96573944,1
96573947,1
96573948,1
96573949,1
96573950,1
96573952,1
96573954,1
96573955,1
96573957,1
96573995,0
96573998,0
96573999,0
96574010,1
96574113,8
96574198,1
96574316,1
96574390,1
96574395,1
96574411,1
96574419,1
96574438,1
96574589,1
96574590,1
96574615,1
96574616,1
96574632,0
96574805,1
96575017,1
96575056,1
96575057,1
96575058,1
96575066,1
96575067,1
96575073,0
96575074,1
96575079,1
96575131,0
96575155,1
96575156,1
96575157,1
96575159,0
96575171,1
96575174,1
96575187,1
96575210,1
96575213,1
96575244,1
96575247,0
96575249,0
96575261,1
96575280,1
96575286,1
96575289,1
96575295,1
96575296,1
96575298,1
96575306,1
96575327,0
96575355,0
96575384,1
96575388,1
96575391,1
96575407,1
96575428,1
96575578,0
96575806,1
96575835,0
96575862,1
96575877,1
96575906,1
96575926,1
96575940,1
96575942,1
96575944,0
96575947,1
96575948,0
96575949,1
96575950,1
96575978,1
96575990,1
96575995,1
96575996,1
96576087,1
96576144,1
96576167,1
96576200,1
96576203,1
96576212,1
96576215,0
96576261,1
96576267,1
96576287,1
96576295,1
96576338,1
96576430,1
96576456,1
96576487,1
96576497,0
96576501,1
96576531,0
96576632,0
96576639,0
96576720,1
96576723,0
96576750,0
96576844,1
96576865,1
96576905,1
96576922,0
96576994,0
96577123,1
96577156,1
96577222,1
96577224,1
96577263,1
96577284,1
96577322,1
96577323,0
96577324,1
96577354,1
96577615,0
96577686,1
96577687,0
96577860,0
96577922,0
96577924,1
96577928,1
96577929,1
96577964,1
96578080,1
96578138,0
96578210,1
96578239,1
96578266,1
96578283,1
96578284,1
96578293,0
96578347,1
96578399,1
96578410,0
96578431,1
96578483,1
96578484,0
96578569,1
96578582,0
96578598,1
96578615,1
96578810,1
96578839,1
96578896,1
96578900,1
96578942,0
96578997,1
96579178,1
96579230,1
96579233,0
96579236,1
96579238,0
96579244,1
96579257,8
96579261,1
96579262,1
96579265,1
96579267,1
96579268,1
96579270,1
96579271,0
96579296,0
96579330,1
96579332,0
96579370,1
96579376,1
96579930,0
96579932,1
96579935,1
96579936,1
96579943,0
96579944,1
96579966,1
96579967,0
96579968,1
96579970,1
96579979,1
96579980,1
96579981,1
96579983,1
96579986,1
96579996,1
96608374,1
96619061,1
96619062,1
96619067,0
96619364,1
96619369,1
96619469,1
96619661,0
96619960,0
96624277,1
96624973,1
96636356,0
96646027,1
96676122,0
96676258,1
96676423,0
96676455,1
96676651,1
96676724,1
96676757,1
96676958,1
96678070,1
96678278,1
96678376,1
96678377,1
96678471,1
96710053,0
96710082,1
96710094,1
96710137,1
96710152,0
96710217,1
96710237,1
96710284,1
96710311,0
96710333,1
96710438,1
96710470,1
96710480,1
96710674,0
96710839,1
96710888,1
96710970,1
96711075,1
96711076,1
96711162,1
96712146,1
96712213,1
96712215,1
96712299,0
96712349,1
96712372,0
96712399,0
96712900,1
96712905,1
96712909,1
96712916,1
96713094,0
96713133,0
96713195,0
96713202,1
96713231,1
96713293,0
96713333,1
96713338,1
96713393,0
96713395,1
96713701,0
96714015,0
96714020,1
96714047,0
96714083,1
96714216,1
96714232,0
96714234,1
96714240,0
96714295,1
96714325,1
96714931,1
96714937,1
96715164,0
96715221,0
96715228,0
96715254,1
96715260,1
96715281,1
96715287,1
96715289,1
96715355,1
96715828,1
96715927,1
96715928,1
96715930,1
96715932,1
96715935,1
96715938,0
96715953,1
96715982,1
96715986,1
96715987,1
96715998,1
96716015,1
96716089,0
96716152,1
96716166,1
96716334,1
96716523,1
96716667,1
96716903,1
96716904,0
96716905,1
96716910,1
96716930,1
96716974,1
96716975,0
96717050,1
96717154,1
96717160,1
96717168,1
96717354,1
96717911,1
96717912,1
96717914,1
96717915,1
96717916,1
96717963,1
96718013,0
96718041,1
96718145,1
96718148,0
96718172,1
96718193,1
96718202,1
96718207,1
96718212,0
96718219,1
96718224,1
96718269,1
96718298,1
96718385,1
96718393,1
96718687,1
96718945,1
96718969,1
96719375,0
96719930,1
96719935,1
96719937,1
96719939,1
97374972,1
97374976,1
97500221,1
97500227,1
97500273,1
97500519,1
97500533,0
97500535,1
97500639,1
97500651,0
97500713,0
97500756,1
97500972,0
97503234,1
97503407,0
97503839,1
97503904,0
97504001,1
97504107,1
97504202,1
97504208,1
97504304,0
97504342,0
97504501,1
97504523,1
97504703,0
97506023,0
97506047,1
97506101,1
97506156,1
97506329,0
97506330,1
97506332,0
97506336,1
97506696,0
97506775,1
97506841,1
97506932,1
97506952,1
97506999,0
97507152,1
97507853,0
97508073,1
97508160,1
97508280,1
97508283,0
97508460,1
97508532,1
97540051,1
97543200,0
97543903,1
97546478,1
97546871,0
97548372,1
97570024,1
97570058,0
97570088,1
97570089,0
97570213,1
97570231,1
97570272,1
97570391,0
97570454,1
97570472,1
97570490,1
97570523,1
97570714,1
97570725,1
97570726,1
97570817,0
97570892,1
97570938,1
97570992,1
97571068,1
97571079,1
97571100,1
97571113,1
97571116,0
97571200,1
97571208,1
97571216,1
97571409,1
97571509,1
97571600,1
97571701,1
97571707,1
97571802,1
97571812,0
97571818,1
97571865,1
97571900,1
97571960,0
97572000,1
97572009,1
97572043,1
97572066,1
97572071,1
97572076,1
97572078,0
97572102,1
97572142,0
97572145,1
97572163,1
97572191,1
97572216,1
97572220,1
97572221,1
97572266,0
97572271,1
97572278,0
97572282,1
97572292,1
97572310,1
97572313,1
97572323,1
97572324,0
97572362,1
97572367,1
97572381,1
97572387,1
97572464,1
97572660,1
97572860,1
97572861,1
97572870,1
97572914,1
97572921,1
97572926,0
97572947,1
97572967,1
97572980,1
97572996,1
97573210,1
97573293,0
97573295,0
97573319,1
97573333,1
97573419,0
97573496,1
97573612,1
97573616,1
97573910,1
97573916,1
97573929,0
97573933,1
97573942,1
97573943,0
97573946,1
97573953,1
97573954,1
97573957,1
97574031,0
97574044,0
97574089,0
97574090,0
97574091,1
97574102,1
97574126,0
97574127,0
97574142,0
97574300,1
97574303,1
97574406,1
97574407,0
97574413,1
97574419,0
97574433,0
97574490,1
97574498,1
97574533,1
97574611,1
97574649,1
97574703,1
97574707,1
97574739,1
97574800,1
97574815,1
97574835,1
97574839,0
97575020,1
97575092,1
97575096,1
97575130,1
97575153,0
97575154,1
97575155,1
97575177,1
97575194,1
97575199,1
97575219,1
97575226,1
97575240,1
97575254,1
97575262,1
97575267,1
97575287,1
97575296,1
97575303,0
97575312,1
97575324,1
97575331,1
97575335,1
97575339,0
97575351,1
97575356,1
97575366,1
97575375,1
97575398,0
97575409,1
97575433,1
97575463,0
97575471,1
97575529,1
97575800,1
97575820,0
97575900,1
97575918,1
97575922,1
97575924,1
97575940,1
97575942,0
97575946,1
97575956,0
97575964,0
97575987,1
97575994,1
97575997,1
97576012,1
97576051,1
97576061,1
97576140,0
97576148,0
97576261,1
97576289,1
97576316,1
97576367,1
97576406,1
97576411,0
97576448,1
97576451,0
97576452,0
97576486,1
97576535,1
97576566,1
97576594,1
97576617,0
97576619,1
97576622,1
97576635,1
97576663,1
97576667,1
97576673,1
97576784,1
97576866,1
97576913,1
97576924,1
97577053,0
97577068,1
97577122,1
97577123,1
97577127,1
97577167,1
97577220,1
97577226,0
97577227,1
97577229,1
97577322,1
97577327,1
97577511,1
97577588,1
97577717,1
97577865,1
97577922,0
97577927,1
97577961,1
97578005,1
97578112,0
97578122,0
97578132,1
97578149,1
97578211,1
97578219,1
97578245,1
97578263,0
97578290,1
97578298,1
97578314,1
97578317,1
97578366,0
97578394,1
97578442,1
97578482,1
97578485,1
97578496,1
97578524,0
97578532,1
97578580,1
97578585,0
97578690,1
97578695,0
97578812,1
97578823,0
97578883,1
97578905,1
97578911,1
97578980,0
97579232,1
97579237,1
97579238,1
97579263,1
97579268,1
97579274,0
97579279,1
97579293,0
97579295,0
97579298,1
97579299,1
97579338,1
97579376,0
97579935,1
97579938,0
97579946,1
97579948,1
97579950,1
97579960,1
97579963,0
97579967,1
97579986,1
97579987,1
97579992,1
97579996,1
97590354,1
97606524,0
97608170,1
97608178,1
97608374,0
97608870,1
97608972,1
97614378,0
97614777,0
97614875,0
97619466,1
97619969,1
97646225,1
97676956,1
97678071,1
97678274,0
97678371,1
97678577,1
97678678,0
97678773,1
97710039,1
97710114,1
97710115,1
97710183,1
97710198,1
97710215,0
97710255,0
97710455,1
97710486,1
97710657,1
97710686,1
97710915,0
97711065,1
97711377,1
97712240,0
97712279,1
97712290,1
97712349,1
97712972,1
97712990,1
97712994,0
97712995,1
97712998,1
97712999,0
97713039,1
97713236,1
97713293,0
97713295,0
97713404,0
97713507,0
97713607,0
97713990,0
97713994,0
97714011,1
97714018,1
97714021,1
97714046,1
97714097,1
97714119,1
97714214,0
97714480,1
97714894,0
97714933,0
97714981,1
97714991,1
97715120,1
97715124,1
97715351,1
97715354,1
97715363,1
97715952,1
97715953,1
97715983,0
97715984,1
97715986,1
97715987,1
97715989,1
97716065,1
97716090,1
97716098,1
97716153,1
97716160,1
97716162,1
97716186,1
97716216,1
97716316,1
97716318,1
97716335,1
97716338,1
97716880,1
97716884,1
97716908,1
97716973,0
97716975,1
97716976,1
97716977,1
97717059,1
97717162,1
97717867,1
97717958,1
97717964,1
97718040,1
97718048,0
97718109,1
97718147,0
97718185,1
97718192,1
97718212,1
97718215,1
97718277,1
97718300,1
97718314,1
97718375,1
97718384,0
97718886,1
97718888,1
97718910,1
97718940,1
97718960,0
97718975,1
97718990,0
97718993,1
97718995,1
97719278,0
97719936,1
98316359,1
98316456,0
98500013,1
98500035,1
98500210,0
98500510,0
98500631,1
98500659,1
98500831,0
98500910,1
98500924,0
98500927,1
98500988,1
98503002,0
98503032,1
98504005,1
98504108,1
98504249,1
98504280,1
98504304,1
98504406,1
98504524,0
98504600,0
98504806,0
98504843,1
98506073,1
98506086,1
98506180,1
98506201,1
98506355,1
98506356,1
98506425,0
98506490,1
98506495,1
98506629,1
98506683,1
98506929,1
98506942,0
98506970,1
98506994,1
98506995,1
98507316,0
98508164,1
98508237,0
98508239,1
98508322,1
98508421,1
98508823,1
98508975,1
98508984,1
98540352,0
98540656,1
98540752,0
98544206,1
98546321,0
98570080,0
98570122,0
98570132,1
98570139,0
98570232,0
98570233,0
98570237,0
98570271,0
98570374,1
98570385,1
98570388,1
98570399,1
98570423,1
98570474,0
98570894,1
98570896,1
98570899,0
98570914,1
98570920,0
98570923,1
98571012,1
98571014,0
98571071,1
98571107,0
98571252,1
98571272,0
98571311,1
98571319,1
98571355,1
98571400,1
98571407,0
98571605,0
98571669,0
98571878,0
98571910,1
98571911,1
98571917,1
98571963,1
98571971,0
98572077,1
98572163,1
98572171,1
98572173,1
98572261,1
98572266,1
98572281,0
98572283,1
98572287,0
98572288,0
98572291,1
98572348,1
98572360,1
98572362,1
98572368,1
98572373,0
98572377,1
98572379,1
98572448,0
98572808,0
98572909,1
98572910,0
98572913,0
98572922,1
98572926,0
98572927,0
98572928,1
98572980,1
98572981,1
98572983,0
98572984,1
98572985,1
98572999,1
98573012,1
98573017,1
98573019,1
98573097,1
98573110,0
98573112,1
98573116,1
98573213,1
98573411,1
98573530,1
98573617,1
98573694,0
98573699,0
98573892,1
98573920,1
98573927,0
98573943,1
98573955,1
98573956,0
98573959,1
98574009,1
98574034,1
98574106,1
98574193,1
98574218,1
98574230,0
98574296,1
98574339,1
98574387,1
98574399,1
98574485,1
98574491,1
98574498,1
98574636,0
98574640,0
98574727,1
98574787,1
98574806,1
98574900,1
98574906,1
98574937,0
98574941,1
98575036,0
98575103,1
98575113,1
98575122,1
98575128,0
98575150,1
98575157,1
98575165,1
98575175,1
98575180,1
98575190,1
98575197,1
98575204,1
98575220,0
98575246,1
98575294,1
98575317,1
98575331,1
98575355,1
98575384,1
98575386,1
98575403,1
98575404,1
98575623,1
98575808,1
98575874,1
98575902,0
98575918,1
98575940,0
98575942,1
98575946,1
98575948,1
98575954,1
98575989,1
98576059,1
98576112,1
98576118,1
98576136,1
98576169,1
98576194,1
98576215,1
98576250,0
98576313,1
98576335,1
98576346,1
98576348,1
98576416,1
98576441,0
98576467,1
98576509,1
98576545,1
98576596,1
98576600,0
98576637,1
98576668,1
98576688,1
98576946,1
98576952,1
98576964,1
98576996,1
98577013,1
98577061,1
98577114,1
98577151,1
98577161,1
98577165,1
98577169,1
98577181,0
98577220,1
98577226,1
98577259,0
98577324,1
98577327,1
98577328,1
98577480,1
98577484,1
98577923,1
98577924,1
98577925,1
98577954,1
98578043,1
98578079,1
98578101,0
98578198,0
98578207,0
98578267,1
98578291,1
98578299,1
98578308,1
98578316,1
98578330,0
98578334,1
98578346,1
98578348,1
98578381,1
98578397,1
98578417,1
98578432,1
98578438,1
98578448,1
98578465,1
98578495,0
98578504,1
98578548,1
98578582,1
98578723,1
98578747,1
98578767,1
98578782,0
98578980,1
98578996,1
98579235,1
98579239,1
98579373,0
98579930,0
98579937,1
98579938,1
98579939,0
98579940,1
98579945,1
98579948,1
98579952,8
98579953,8
98579954,1
98579963,0
98579966,1
98579968,0
98579969,1
98579976,1
98579979,1
98579991,1
98579997,1
98606027,1
98606428,1
98606822,1
98606929,0
98608270,1
98608876,1
98619063,1
98619068,1
98619162,1
98619360,8
98619368,1
98619466,0
98619963,1
98619965,1
98619967,1
98636350,1
98646328,1
98646329,1
98676254,1
98676352,0
98676426,1
98676651,0
98676853,0
98710078,1
98710135,1
98710156,1
98710175,1
98710195,1
98710250,1
98710286,0
98710291,1
98710292,0
98710293,1
98710650,0
98710672,0
98710913,1
98710933,0
98710977,1
98710991,1
98711077,1
98711165,1
98712214,1
98712216,0
98712218,1
98712247,1
98712295,1
98712941,1
98712942,0
98712973,1
98712976,0
98713033,1
98713204,0
98713391,0
98713806,0
98713992,1
98714025,0
98714084,0
98714097,1
98714198,1
98714242,1
98714282,1
98714312,1
98714325,1
98714380,1
98714481,1
98714888,1
98714928,1
98714991,1
98715023,1
98715097,1
98715191,1
98715250,0
98715258,1
98715263,1
98715955,0
98715980,1
98715983,1
98715986,1
98715994,1
98716010,1
98716054,0
98716066,1
98716117,1
98716165,1
98716167,1
98716229,1
98716251,1
98716390,1
98716423,1
98716827,1
98716897,0
98716976,1
98716978,1
98717152,1
98717163,1
98717259,1
98717263,1
98717960,1
98718108,0
98718112,1
98718119,1
98718174,1
98718202,1
98718204,0
98718206,1
98718248,1
98718269,1
98718270,1
98718293,1
98718297,1
98718821,1
98718910,1
98718912,1
98718918,0
98718974,1
98718987,1
98718989,1
98718998,1
98719270,1
98719277,1
98719932,0
98719935,1
99316152,0
99374970,1
99374972,1
99374973,1
99374974,1
99500010,1
99500087,1
99500115,0
99500139,1
99500183,1
99500228,0
99500238,1
99500276,1
99500417,0
99500530,1
99500813,0
99500857,1
99503707,1
99503801,0
99503838,1
99504049,1
99504100,1
99504105,1
99504144,1
99504205,1
99504206,1
99504222,0
99504420,1
99504424,1
99504520,1
99504703,1
99504720,0
99504849,0
99504905,1
99504999,1
99506026,1
99506149,1
99506263,1
99506266,1
99506342,1
99506360,1
99506487,0
99506495,1
99506578,1
99506935,1
99506981,1
99507018,1
99507057,1
99507059,1
99507351,1
99507853,1
99507857,1
99507859,0
99507981,0
99507986,1
99508077,1
99508120,1
99508327,1
99508430,1
99508537,0
99508568,1
99508721,1
99508738,1
99508822,1
99508928,1
99540917,0
99543509,1
99543908,0
99544087,1
99544202,1
99544902,1
99546678,1
99570022,1
99570091,1
99570170,1
99570176,1
99570192,1
99570327,1
99570378,0
99570390,1
99570393,1
99570398,1
99570527,1
99570679,1
99570683,0
99570695,1
99570725,1
99570726,1
99570850,1
99570879,1
99570891,0
99570920,0
99570997,1
99571065,1
99571111,1
99571157,1
99571170,0
99571202,1
99571215,1
99571216,1
99571263,1
99571273,0
99571301,1
99571314,1
99571316,1
99571353,0
99571369,0
99571375,1
99571419,1
99571478,1
99571500,1
99571660,1
99571664,1
99571818,1
99571916,0
99571950,1
99572042,1
99572110,0
99572214,0
99572221,1
99572224,0
99572227,1
99572228,1
99572263,1
99572272,1
99572277,1
99572283,0
99572288,1
99572317,1
99572326,1
99572347,1
99572367,1
99572383,1
99572384,1
99572386,1
99572389,1
99572392,1
99572465,1
99572467,1
99572472,0
99572569,1
99572643,1
99572662,1
99572875,1
99572924,1
99572925,1
99572929,1
99572944,1
99572962,0
99572975,0
99572983,1
99572984,1
99572986,1
99572988,1
99573014,0
99573036,1
99573038,1
99573116,1
99573216,1
99573251,1
99573253,0
99573254,1
99573257,1
99573258,1
99573295,0
99573314,1
99573316,1
99573324,0
99573328,1
99573394,0
99573433,1
99573637,1
99573691,0
99573692,0
99573812,1
99573817,1
99573898,0
99573900,1
99573943,1
99573944,1
99573947,0
99573948,1
99573952,1
99573953,1
99573955,1
99573957,0
99573958,1
99573959,1
99573992,1
99573998,1
99573999,0
99574097,1
99574116,1
99574118,1
99574130,0
99574137,1
99574199,0
99574211,1
99574391,1
99574415,1
99574437,0
99574499,1
99574538,1
99574615,1
99574644,1
99574686,0
99574729,1
99574804,1
99574808,1
99574899,1
99574912,1
99575001,1
99575018,1
99575019,1
99575034,1
99575081,1
99575082,1
99575087,1
99575090,1
99575096,0
99575118,0
99575131,0
99575134,0
99575153,1
99575154,0
99575157,1
99575179,1
99575185,1
99575186,1
99575216,1
99575236,1
99575237,1
99575240,1
99575242,1
99575245,1
99575248,1
99575259,1
99575260,1
99575291,1
99575305,1
99575329,0
99575335,0
99575381,1
99575400,1
99575405,0
99575473,1
99575529,1
99575579,1
99575621,0
99575626,0
99575672,0
99575805,1
99575871,1
99575879,1
99575903,0
99575909,1
99575930,1
99575940,1
99575941,1
99575946,1
99575947,1
99575949,1
99576001,0
99576007,0
99576009,0
99576011,1
99576055,8
99576112,1
99576146,1
99576168,1
99576206,1
99576343,1
99576347,1
99576364,1
99576456,1
99576466,1
99576542,1
99576544,1
99576580,1
99576589,1
99576705,1
99576818,1
99576843,1
99576912,1
99576925,1
99576938,0
99576944,0
99576947,1
99576983,1
99577050,0
99577121,1
99577123,0
99577127,1
99577228,1
99577250,0
99577265,1
99577285,0
99577322,1
99577358,1
99577480,1
99577517,0
99577550,1
99577655,1
99577658,1
99577686,1
99577882,1
99577920,1
99577923,1
99577928,1
99577988,0
99578019,1
99578029,1
99578031,1
99578109,0
99578113,1
99578127,1
99578203,0
99578226,1
99578289,0
99578303,1
99578312,0
99578348,1
99578365,0
99578414,0
99578516,1
99578522,1
99578529,0
99578580,1
99578591,0
99578611,1
99578626,0
99578642,1
99578693,1
99578729,1
99578742,0
99578784,1
99578933,1
99578941,1
99578944,1
99579176,1
99579233,1
99579238,1
99579239,1
99579241,1
99579242,1
99579243,1
99579249,1
99579264,1
99579266,1
99579269,1
99579270,1
99579273,1
99579277,1
99579291,1
99579294,1
99579335,1
99579337,1
99579931,1
99579933,1
99579939,1
99579947,1
99579952,0
99579954,0
99579956,0
99579964,1
99579966,1
99579977,1
99579979,1
99579981,1
99579987,1
99579988,1
99579995,1
99579997,0
99579998,0
99590150,0
99590351,1
99606925,1
99608179,1
99608876,1
99614073,0
99614075,1
99614278,1
99614475,0
99614970,0
99614971,1
99619160,1
99619261,1
99619364,1
99619460,1
99619464,1
99619465,1
99619860,0
99619966,1
99636350,1
99646121,1
99676124,0
99676126,1
99676320,1
99676357,0
99676626,1
99676658,1
99676853,0
99678179,1
99678576,1
99678670,1
99678677,1
99678877,1
99678978,1
99710010,1
99710018,1
99710038,1
99710050,1
99710074,1
99710084,1
99710096,0
99710181,1
99710187,1
99710193,0
99710298,0
99710315,0
99710319,1
99710689,8
99710774,1
99710856,1
99711172,1
99711176,1
99711177,1
99711362,1
99712041,0
99712172,1
99712176,1
99712210,1
99712216,1
99712217,1
99712218,1
99712240,1
99712242,1
99712274,0
99712371,1
99712390,0
99712394,1
99712901,1
99712902,1
99712905,1
99712907,1
99713094,1
99713134,1
99713197,1
99713300,1
99713392,1
99713400,1
99713501,1
99713934,1
99713999,0
99714126,1
99714185,1
99714324,1
99714346,1
99714387,0
99714927,0
99714938,1
99714942,1
99714995,1
99715029,1
99715095,1
99715251,1
99715258,1
99715286,1
99715352,0
99715357,1
99715358,0
99715365,0
99715823,1
99715932,0
99715933,1
99715934,1
99715939,1
99715954,1
99715958,0
99715985,1
99716062,1
99716092,1
99716186,1
99716235,1
99716258,1
99716285,1
99716352,1
99716360,1
99716369,1
99716396,0
99716629,1
99716892,1
99716902,1
99716903,1
99716905,1
99716929,1
99716958,1
99716970,1
99716971,1
99716979,1
99716994,0
99717365,0
99717366,1
99717861,1
99717911,0
99717915,1
99717916,1
99717917,1
99717919,1
99718007,1
99718014,1
99718015,1
99718016,0
99718018,1
99718041,1
99718043,1
99718088,0
99718104,1
99718128,1
99718129,1
99718207,1
99718222,0
99718303,1
99718305,1
99718310,0
99718363,1
99718423,1
99718829,1
99718845,1
99718889,1
99718901,1
99718925,1
99718944,1
99719378,1
99719930,1
99719939,1
99719976,1
